codigo sap,nombre del equipo,numero de rodamiento lado acople,numero de acople aldo ventilador,diametro ventilador,equipo,potencia,rpm,area
114606,ME ventilación externa motor DC molino #3 TB,6311 -c2,6211-z-c3,9,MOTOR ELECTRICO,20 HP,870,EXTRACCION
114530,Alimentador de bagazo 2 caldera 3,6207,6206,"8""3/4",MOTOR ELECTRICO,10,1755,CALDERAS
143183,Conductor vibratorio azucar humedad Tacho continuo 1A,6309-2Z,6209-2Z,6 pulgadas,MOTOR ELECTRICO,20HP,1175,RA
143183,Conductor vibratorio  de azucar humedad tacho continuo1A,6309-2Z,6209-2Z,6 pulgadas,MOTOR ELECTRICO,20HP,1175,RA
140603,Sinfin de azúcar humedad 2A,6313-2Z/J-C3,6213-2Z/J-C3,8 pulgadas,MOTOR ELECTRICO,60HP,1785,RA
140603,Sinfin de azúcar humedad 2A,6313-2Z/J-C3,6213-2Z/J-C3,8 pulgadas,MOTOR ELECTRICO,60HP,1785,RA
140592,Elevador de azúcar seca 2A,6309,6208,"7""",MOTOR ELECTRICO,15HP,1775,RA
140592,Elevador de azúcar seca 2A,6309,6208,"7""",MOTOR ELECTRICO,15HP,1775,RA
140566,Motor movimiento bomba  de  Rotoclon  # 2 ref  auxiliar ,6311 zz,6211 zz,"6 "" plastico",MOTOR ELECTRICO,25 Hp,3545,RA
140563,Motor bomba  de  Rotoclon # 3  a Enfriadora  Refineria ,6309 zz,6209 zz,"5 ""/ 12  plastico ",MOTOR ELECTRICO,20 Hp,3520,RA
140552,Inducido de la secadora del 1 A,6310,6210,"""7""",MOTOR ELECTRICO,25,1775,RA
140492,Motor 1 de recirculación miel a tachos tanque elevado miel A,6309-2z,6208-2z,7 pulgadas,MOTOR ELECTRICO,20HP,1760,RA
140491,Motor 2 de recirculación miel a tachos tanque elevado miel A,6311-2z,6309-2z,7 pulgadas,MOTOR ELECTRICO,30HP,1780,RA
140468,Bba de inyección T/C 1C #2,6319,6319,"15""",MOTOR ELECTRICO,132kw,1785,RA
140468,Bomba de Inyección T/C 1C #2,6319,6319,"15""",MOTOR ELECTRICO,132kw,1785,RA
140464,Bbas Inyección T/C 1C #1,6319,6319,"15""",MOTOR ELECTRICO,132kw,1785,RA
140464,Bombas de Inyección T/C 1C #1,6319,6319,"15""",MOTOR ELECTRICO,132kw,1785,RA
140446,Bba vacío tacho 12,6313,6212,13”,MOTOR ELECTRICO,40. Hp,1190,RA
140396,Bomba torre enfriamiento 2,6314,6314,"9""",MOTOR ELECTRICO,60HP,1775,RA
140349,Recibidor magmero de alta pureza tacho 15 y 16,6206,6205,6”,MOTOR ELECTRICO,5 HP,1740,RA
140342,Bba. 2 de masa 1ra tacho 15 y 16 ,6311,6311,10”,MOTOR ELECTRICO,40 HP,1780,RA
140342,Bba. 2 de masa 1ra tacho 15 y 16 ,6311,6311,10”,MOTOR ELECTRICO,40HP,1780,RA
140329,Bba masa 3ra tachos batch,6312,6312,10”,MOTOR ELECTRICO,40,1780,RA
140316,Mezclador 2 masa 2da alta pureza ,6309,6208,"8""",MOTOR ELECTRICO,10 hp,1180,RA
140313,Mezclador cent de 1era fabrica,6307,6206,"6""",MOTOR ELECTRICO,5HP,1765,RA
140313,Mezclador cent. De 1ra Fábrica ,6307,6206,"6""",MOTOR ELECTRICO,5HP,1765,RA
140247,Disuelto #2 de 3ra,6314z,6314z,"11""",MOTOR ELECTRICO,60,1775,RA
140246,Disuelto #1 de 3ra ,6313 ,6313 ,16”,MOTOR ELECTRICO,60,1785,RA
140236,Bomba 2 Magma de tercera ,6311 2Z C3,6211 2Z C3,"12""",MOTOR ELECTRICO,30 HP,1765,RA
140222,bba 3 de segunda alta pureza,6312,6312," 7""",MOTOR ELECTRICO,40 hp,1780,RA
140221,Alta pureza # 2 ,6312,6312,7”,MOTOR ELECTRICO,40 hp,1780,RA
140218,Bomba  2 magma  segunda,6312,6312,"7""",MOTOR ELECTRICO,40 hp,1780,RA
140215,Sinfín #1 de 2da baja pureza ,6313,6213,10”,MOTOR ELECTRICO,60 HP,1785,RA
140029,Lubricación coronas TB,6205,6203,"6""",MOTOR ELECTRICO,1,1770,EXTRACCION
139636,Condensado E2,6310,6210,21.03 cm,MOTOR ELECTRICO,20,1170,TRATAMIENTO
139636,Condensado E2,6310,6210,21.3 CM,MOTOR ELECTRICO,20,1170,TRATAMIENTO
139626,BBa agua a Bombas de vapor,6309,6307,15 cm ,MOTOR ELECTRICO,20,1760,TRATAMIENTO
139022,Banda 2 linea 5 caída L2 y L12,6206,6205,"6""",MOTOR ELECTRICO,5HP,1758,RA
138974,Bba serpentín a evaporadores ,6311,6210,25 cm,MOTOR ELECTRICO,30,1760,TRATAMIENTO
138972,Bba clarificación de meladura a tachos #2,6306,6205,10,MOTOR ELECTRICO,3,1710,TRATAMIENTO
138971,Bba sacarato clarificación de meladura hacia tachos #1 ,6306,6205,10,MOTOR ELECTRICO,3,1710,TRATAMIENTO
138970,Bba de liquidación #1 evaporada ,6309,6209,23 cm,MOTOR ELECTRICO,20,1765,TRATAMIENTO
138965,Bba #2 vacío melador 2,6220,6313,29.5 cm,MOTOR ELECTRICO,150,1780,TRATAMIENTO
138799,Bba de colorante #1,6303,6203,4 pulgadas ,MOTOR ELECTRICO,0.75,1700,RA
138796,ME Bba de Ácido fosforico 2,6303,6203,4 pulgadas ,MOTOR ELECTRICO,0.75 ,1700,RA
138452,Lubricación 1 planetario Molino 1 TA,6308,6207,8,MOTOR ELECTRICO,12.5 ,1765,EXTRACCION
138445,Cepillo Limpieza Conductor 1 TA,6309,6307,9,MOTOR ELECTRICO,15,1760,EXTRACCION
138283,ventilador ambiental  centrifugar de 1ra,6206,6205,7,MOTOR ELECTRICO,2,1175,RA
138263,Lubricación pre-cuchilla TA,6208,6206,7,MOTOR ELECTRICO,5,1150,EXTRACCION
138259,Bba 1 enfriamiento variadores TB,6312,6311,"11""",MOTOR ELECTRICO,40,1780,EXTRACCION
138251,Bba lubricación auxiliar molino 3,6308,6207,9,MOTOR ELECTRICO,10,1760,EXTRACCION
138250,Bba lubricación molino 6,6308,6207,6,MOTOR ELECTRICO,12.5,1765,EXTRACCION
138247,ME DC Molino4 TB,6332,6330,25 1/4  pulgadas ,MOTOR ELECTRICO,895 KW,850,EXTRACCION
138226,Troceadora 2 TB,6319,6314,16,MOTOR ELECTRICO,300,1785,EXTRACCION
137890,Bomba de vacío del tacho # 7 ,6311,6211,8” ,MOTOR ELECTRICO,30 HP ,1765,RA
137827,Motor bomba  Rotoclon #1 Secadora  Refinería ,6311 zz,6211 zz,"6"" plastico",MOTOR ELECTRICO,25 Hp ,3545,RA
137812,Ventilador ambiental Centrífuga segunda ,6206,6205,"7""",MOTOR ELECTRICO,"373(5,0)kw",1750,RA
137664,Bomba Bypass,6308,6208,6,MOTOR ELECTRICO,10,1762,EXTRACCION
137641,Bba bypass TB,6308,6208,9,MOTOR ELECTRICO,10,1762,EXTRACCION
137623,Sin Fin Rastra de Bagacillo T.B,6309,6209,"8""",MOTOR ELECTRICO,20,1770,EXTRACCION
137502,Mesa 1 TB,6311,6211,"9""",MOTOR ELECTRICO,40,1780,EXTRACCION
137364,Elevador azúcar húmeda cent fabrica,6311,6211,"8""",MOTOR ELECTRICO,25HP,1775,RA
137364,Elevador azúcar húmeda cent. Fabrica ,6311,6211,"8""",MOTOR ELECTRICO,25HP,1775,RA
137362,Motor movimiento sinfín Elevador #2 asia criba linia  #1 Oga,6309zz ,6209 zz,"7 "" De plastico",MOTOR ELECTRICO,20,1775,RA
137358,Bba lubricación chumaceras farval 2,6205,6203,6,MOTOR ELECTRICO,2,1755,EXTRACCION
137338,Bomba de lubricación red planetario Mol. 2,6308,6207,4,MOTOR ELECTRICO,12.5,1765,EXTRACCION
137335,Bba lubricación molino 2,6308,6207,6,MOTOR ELECTRICO,12.5,1765,EXTRACCION
137329,Bba Asepsia 3 TB,6313,6313,"6""",MOTOR ELECTRICO,60,3555,EXTRACCION
137328,"Bba Aux. Asepsia TA, TB",6313,6313,"6""",MOTOR ELECTRICO,60,3555,EXTRACCION
137328,"Bba Asepsia Aux. TA, TB",6313,6313,"6""",MOTOR ELECTRICO,60,3555,EXTRACCION
137327,Bba de asepsia 1 TA,6313,6313,"6""",MOTOR ELECTRICO,60,3555,EXTRACCION
137326,Sin fin bagacillo TB,6309,6209,"8""",MOTOR ELECTRICO,20,1770,EXTRACCION
137325,Sin fin bagacillo TA,6309,6209,6,MOTOR ELECTRICO,15 KW,1770,EXTRACCION
137320,Conductor intermedio 2 tb,6313,6312,8 pulgadas ,MOTOR ELECTRICO,75,1780,EXTRACCION
137319,Conductor intermedio 2 tb ,6313,6312,8,MOTOR ELECTRICO,75,1780,EXTRACCION
137306,Movimiento vibratorio azúcar húmedo fabrica ,6310,6310,"9""",MOTOR ELECTRICO,15HP,1200,RA
137306,Movimiento vibratorio azúcar húmedo fabrica ,6310,6310,"9""",MOTOR ELECTRICO,15HP,1200,RA
137298,Motor movimiento Elevador #2 Azúcar  seca Refineria ,6311zz ,6211 zz,"8 "" de plastico.",MOTOR ELECTRICO,30 Hp,1775,RA
137297,Motor  sin fin Interno Secadora   Refinería ,6309zz ,6209 zz,"8""  plastico",MOTOR ELECTRICO,20 Hp,1768,RA
137296,Motor movimiento  Enfriadora  refinería ,6314 zz,6314 zz,"11""  de plastico",MOTOR ELECTRICO,60 Hp,1775,RA
137073,Bba inyecion a melador E4,6220,6220,40,MOTOR ELECTRICO,250,1190,TRATAMIENTO
136967,Ventilador forzado secadora 1A,6206,6206,"6""",MOTOR ELECTRICO,5HP,1735,RA
136967,Ventilador forzado secadora 1A,6206,6206,"6""",MOTOR ELECTRICO,5HP,1735,RA
136945,Condensado E1,6311,6309,15 CM,MOTOR ELECTRICO,15HP,1115,TRATAMIENTO
136945,Condesando E1,6311,6309,15CM,MOTOR ELECTRICO,15,1115,TRATAMIENTO
136829,Ventilador forzado secadora fabrica ,6208,6208,"7""",MOTOR ELECTRICO,10HP,1760,RA
136829,Ventilador forzado secadora fabrica ,6208,6208,"7""",MOTOR ELECTRICO,10HP,1760,RA
136801,Bomba 2 magma de tercera ,6311 2Z C3,6211 2Z C3,"12""",MOTOR ELECTRICO,30HP,1765,RA
136800,Bba #1 magma de 3ra ,6310,6210,8”,MOTOR ELECTRICO,30,1770,RA
136798,Centrífuga 5 de tercera ,6316 C3,6316 C3,"9 ½""",MOTOR ELECTRICO,140HP,1786,RA
136797,Centrífuga 4 de tercera ,6316,6316,"9½""",MOTOR ELECTRICO,140HP,1786,RA
136796,Centrífugas 1 de tercera ,6319,6316,15”,MOTOR ELECTRICO,150hp ,1780,RA
136794,Agitador tanque disuelto de 2da,6206,6205,6”,MOTOR ELECTRICO,5 HP,1740,RA
136787,Centrifuga 1 tacho continuo 2A,6322/C3,6316/C3VLO241,18 Pulgadas,MOTOR ELECTRICO,268HP,893,RA
136773,Motor 1 de semilla tacho continuo 2B,6311-2Z,6207-2Z,7 pulgadas,MOTOR ELECTRICO,40HP,1770,RA
136772,Motor 2 de semilla tacho continuo 1B,6213-zc3,6213-zc3,7 pulgadas,MOTOR ELECTRICO,50HP,1780,RA
136747,Bba soda Acústica ,6313,6312,36 ,MOTOR ELECTRICO,65,1760,TRATAMIENTO
136746,Bba #2 condensado calentador meladura blanco ,6206,6205,17 cm,MOTOR ELECTRICO,5,1750,TRATAMIENTO
136745,Bba #1 condensado calentador meladura blanco ,6311,6208,21 cm,MOTOR ELECTRICO,20,1760,TRATAMIENTO
136744,Bba meladura morena a tachos #2,6312,6212,17 cm,MOTOR ELECTRICO,50,1765,TRATAMIENTO
136743,Bba meladura morena a Tachos#1,6312,6212,17 cm,MOTOR ELECTRICO,50,1765,TRATAMIENTO
136742,Abraham Del Cid ,6309,6209,23cm,MOTOR ELECTRICO,15,1170,TRATAMIENTO
136741,Bba de espuma #1 clarificador de meladura ,6310,6210,23 cm,MOTOR ELECTRICO,15,1170,TRATAMIENTO
136740,Bba Meladura Sulfitada #3,6313,6313,25 cm,MOTOR ELECTRICO,75,1785,TRATAMIENTO
136739,Bba meladura Sulfitada #2,6313,6313,25,MOTOR ELECTRICO,75,1785,TRATAMIENTO
136738,Bba meladura Sulfitada #1,6313,6213,25,MOTOR ELECTRICO,75 hp,1785,TRATAMIENTO
136724,Transferencia E2,6313,6312,31.5 cm ,MOTOR ELECTRICO,40,880,TRATAMIENTO
136724,TRANFERENCIA E2,6313,6312,31.5 CM,MOTOR ELECTRICO,40,880,TRATAMIENTO
136724,Transferencia E2,6313,6312,31.5 CM,MOTOR ELECTRICO,40HP,880,TRATAMIENTO
136723,Bba de transferencia D5 ,6313,6311,36,MOTOR ELECTRICO,40,880,TRATAMIENTO
136721,Bba floculante filtro Prensa Auxiliar ,6306,6205,10,MOTOR ELECTRICO,2,1710,TRATAMIENTO
136716,Bba de liquidación #2 evaporada ,6212,6209,27.5,MOTOR ELECTRICO,30,1179,TRATAMIENTO
136693,Motor ventilador del filtro banda ,6308,6207,5 pulgadas ,MOTOR ELECTRICO,15 hp,1760,RA
136692,M. Licor a filtro banda #2,6311,6211,9 pulgadas ,MOTOR ELECTRICO,40HP,1780,RA
136691,Licor. A Filtro banda #1# ,6312,6210,7 pulgadas ,MOTOR ELECTRICO,40 hp ,1780,RA
136690,Agitador licor filtrado a tratamiento ,6306,6306,5 pulgadas ,MOTOR ELECTRICO,3 hp ,1775,RA
136689,Aereador #2 clarificador de licor ,6206,6205,6 pulgadas ,MOTOR ELECTRICO,3 hp,1720,RA
136684,Dosificador de carbon ,6204,6204,4 pulgadas ,MOTOR ELECTRICO,1 hp,1745,RA
136683,Motor bomba de agua  dulce #2,6309 zz,6309zz ,0.5,MOTOR ELECTRICO,20Hp,3540,RA
136683,Motor bomba de agua  dulce #2 refinería ,6309zz ,6309zz ," 6""   de plastico",MOTOR ELECTRICO,20 Hp,3540,RA
136682,Motor bomba # 2 ,6311zz, 6310 zz," 9"" 1/4   de plastico",MOTOR ELECTRICO,30 Hp,1770,RA
136681,Motor bomba  #1 prepara ,6310zz,6210zz,"6"" 1/2  de plastico",MOTOR ELECTRICO,30 Hp,1775,RA
136680,Motor bomba # 2 de  segunda filtracion,6312zz,6212zz,"6"" 3/4  de plástico ",MOTOR ELECTRICO,40 Hp,1770,RA
136679,Motor bomba  #1 de  segunda filtración  ref.,6312zz,6210zz,"  7 "" plastico",MOTOR ELECTRICO,40 Hp,1780,RA
136678,Motor bomba  # 2 de la primera filtración ,6314zz,6314zz," 7"" 1/2  de  plastico",MOTOR ELECTRICO,60 Hp ,1780,RA
136677,Motor bomba  # 1 de la primera   filtración ,6314 zz,6414 zz,"11"" 3/4   de plastico",MOTOR ELECTRICO,60 Hp,1780,RA
136675,Motor Movimiento  Secadora.  Refinería ,6314zz,6314zz,"15.""  De aluminio ",MOTOR ELECTRICO,60 Hp,1775,RA
136411,Motor 2 de inyección de agua tacho continuo 2A,6317-C3,6313-C3,11 pulgadas,MOTOR ELECTRICO,60HP,1180,RA
136410,Motor 1 de inyección de agua tacho continuo 2A,6317-C3,6313-C3,11 pulgadas,MOTOR ELECTRICO,60 HP,1180,RA
136408,Motor 2 de semilla tacho continuo 2B,6213-zc3,6213-zc3,7 pulgadas,MOTOR ELECTRICO,50 HP,1780,RA
136407,Motor 1 de semilla tacho continuo 1B,6311-2z,6207-2z,7 pulgadas,MOTOR ELECTRICO,40HP,1770,RA
136406,Recibidor 2 semilla 3ra TC 1C,6206,6505,6”,MOTOR ELECTRICO,5,1765,RA
136405,Recibidor 1 semilla 3ra TC 1C ,6206,6205,6”,MOTOR ELECTRICO,5 hp ,1765,RA
136320,Bba agua fría bioetanol ,6311,6211,"8""",MOTOR ELECTRICO,30,0,EXTRACCION
136111,Motor bomba  #2 licor tratado  refinería ,6314 C3,6314 C3,"11"" 1/2",MOTOR ELECTRICO,60 Hp,1775,RA
136110,Motor bomba # 1  licor tratado  refinería ,6313 C3,6313 C3,"10"" 1/2",MOTOR ELECTRICO,60 Hp,1775,RA
135821,Ventilador Scrubber Fabrica,6313,6212,"11""",MOTOR ELECTRICO,75HP,1781,RA
135821,Ventilador Scrubber Fabrica ,6313,6212,"11""",MOTOR ELECTRICO,75HP,1781,RA
135583,Motor 2 de condensado C1/C2 de tacho continuo 1A,6206-2Z,6205-2Z,7 pulgadas,MOTOR ELECTRICO,5 HP,1765,RA
135573,Elevador #1 refineria   azúcar humeda,6311zz,6211zz,"8"" ",MOTOR ELECTRICO,25 hp 18.1 kws,1775,RA
135573,Motor movimiento elevador #1 azúcar   seca,6311zz,6211zz,"8"" de plastico",MOTOR ELECTRICO,25 Hp  (18.1 kws ),1775,RA
135541,Extractor de vapor,6206,6205,"7""",MOTOR ELECTRICO,5HP,1750,RA
135161,Conductor  faja # 2 de  azúcar ref,6310 zz,6309 zz,"9"" plastico",MOTOR ELECTRICO,7. 5 Hp,1170,RA
135140,Bba 2 Alimentación de miel B TC 1C,6312 2Z C3,6212 2Z C3 ,"10""",MOTOR ELECTRICO,40 HP,1770,RA
135139,bomba #1 miel B tc,6312,6212,"""9""",MOTOR ELECTRICO,40,1770,RA
135121,Intermedio 3 TA,6316,6314,8.5,MOTOR ELECTRICO,75,1780,EXTRACCION
135091,bba #3 jugo claro scruber secadora fabrica ,6309,6209,"""7""",MOTOR ELECTRICO,15,1780,RA
135091,bomba #3 jugo claro scruber polvillo fabrica,6309,6209,"""7""",MOTOR ELECTRICO,15,1780,RA
135089,jugo claro scruber 2A,6309,6209,"""7""",MOTOR ELECTRICO,15,1780,RA
135088,Bomba de agua colonia ,6211,6206,"7""",MOTOR ELECTRICO,7.5HP,1750,RA
135011,Centrifuga 2 BMA tacho continuo 1A,6322/C3,6316/C3VLO241,15 pulgadas,MOTOR ELECTRICO,200 KW,893,RA
135011,Centrifuga 2 BMA tacho continuo 1A,6322/C2,6316/C3VLO241,15 pulgadas,MOTOR ELECTRICO,200 KW,893,RA
135004,Bba 3 cabezotes TB ,6307,6309,9,MOTOR ELECTRICO,7.5,1740,EXTRACCION
135000,Falval 3,6205,6203,4,MOTOR ELECTRICO,1,1770,EXTRACCION
134997,Bba 2 cabezotes TA ,6310,6310,abierto ,MOTOR ELECTRICO,7.5,1135,EXTRACCION
134974,jugo claro scruber 1A,6309,6209,"""7""",MOTOR ELECTRICO,15,1780,RA
134760,Bba jugo filtrado 2 TB,6319,6314,"12""",MOTOR ELECTRICO,150,1780,EXTRACCION
134758,BBA 2 lubricacion rotor desfibradora,6204,6204,4,MOTOR ELECTRICO,0.86KW,1750,EXTRACCION
134756,BBA 1 lubricación red desfibradora TA,6204,6204,4,MOTOR ELECTRICO,0.86 KW,1750,EXTRACCION
134746,Tambor Desfibradora TA,6316,6316,11,MOTOR ELECTRICO,148 HP,1790,EXTRACCION
134724,BBA enfriamiento chumaceras molinos,6308,6209,9,MOTOR ELECTRICO,20,1760,EXTRACCION
132378,Intermedio 6TB ,6314,6314,8 1/2,MOTOR ELECTRICO,60,1775,EXTRACCION
132376,Intermedio 4,6314,6314,8 1/2,MOTOR ELECTRICO,60,1775,EXTRACCION
132374,Intermedio 3 TB,6316,6314,8.5,MOTOR ELECTRICO,75,1780,EXTRACCION
132373,Bomba 3 limpieza de telas filt cachaza ,6314,6314,19cm,MOTOR ELECTRICO,60hp,3565,TRATAMIENTO
132372,Intermedio 6 TA,6314,6314,"9""",MOTOR ELECTRICO,60,1780,EXTRACCION
132371,Intermedio 5 TA,6314,6314,8.5 pulgadas ,MOTOR ELECTRICO,60,1780,EXTRACCION
132370,Intermedio 4 TA,6314,6314,"9""",MOTOR ELECTRICO,60,17780,EXTRACCION
132368,Bomba 1 limpieza de telas filt cachaza ,6313,6313,14cm,MOTOR ELECTRICO,60hp,3560,TRATAMIENTO
132366,Bomba 2 limpieza de telas filt cachaza ,6314,6314,19cm,MOTOR ELECTRICO,60hp,3565,TRATAMIENTO
132361,Bomba 5 limpieza de telas ,6314,6314,19cm,MOTOR ELECTRICO,60,3560,TRATAMIENTO
132359,Bomba 4 limpieza de telas filt cachaza,6314,6314,19cm,MOTOR ELECTRICO,60hp,3565,TRATAMIENTO
132357,Bomba 2 limpieza de telas jugo claro,6313,6313,14cm,MOTOR ELECTRICO,60,3560,TRATAMIENTO
132019,Bomba de agua #3 caldera 7A ,6218 aislado ,6218 aislado ,"14""",MOTOR ELECTRICO,800 ,3586,CALDERAS
132018,Bomba de agua #2 Caldera 7,6218 aislado,6218 aislado,"14""",MOTOR ELECTRICO,800,3586,CALDERAS
132017,Bomba de agua #1 Caldera 7,6315-2z,6315-2z,"16"" ¾",MOTOR ELECTRICO,800,3570,CALDERAS
132016,Bba 1 cabezotes TB ,6208,6208,9,MOTOR ELECTRICO,7.5,1770,EXTRACCION
132015,Bba 1 cabezotes TA,6208,6208,9,MOTOR ELECTRICO,7.5,1770,EXTRACCION
132014,Bba maceración 3 TA ,6311,6211,9,MOTOR ELECTRICO,50,1765,EXTRACCION
132013,Lubricación de planetario Molino 6 TA,6308,6207,8,MOTOR ELECTRICO,12.5,1765,EXTRACCION
132010,Bba 2 filtrado TA,6320,6316,"14""",MOTOR ELECTRICO,750,1190,EXTRACCION
132009,Bba 1 filtrado TA,6320,6316,"14""",MOTOR ELECTRICO,150,1190,EXTRACCION
132005,Conductor Auxiliar TB,6319,6316,"16""",MOTOR ELECTRICO,200,1788,EXTRACCION
132004,Conductor 2 TB ,6316,6314,10,MOTOR ELECTRICO,100,1765,EXTRACCION
132002,BBA lubricación pre-picadora,6206,6205,6,MOTOR ELECTRICO,3,1760,EXTRACCION
132001,Prepicadora TA,6330 C3,6328,26' pulgadas ,MOTOR ELECTRICO,2250,1783,EXTRACCION
131999,Banda trash 3 TB,6308,6308,"5""",MOTOR ELECTRICO,10,1750,EXTRACCION
131999,conductor 3 trash TB,6308,6308,"5""",MOTOR ELECTRICO,10,1750,EXTRACCION
131998,Banda trash 2 TB,6308,6207,"5""",MOTOR ELECTRICO,10,1765,EXTRACCION
131998,Conductor 2 trash TB ,6308,6207,"5""",MOTOR ELECTRICO,10,1765,EXTRACCION
131997,Bba lubricación planetario conductor 1 TB,6205,6203,"5""",MOTOR ELECTRICO,1.5,1700,EXTRACCION
131996,Conductor de caña 2,6316,6314,9,MOTOR ELECTRICO,100,1780,EXTRACCION
131958,Bba de caramelo diluido #2 ,6309,6208,256T,MOTOR ELECTRICO,20,3520,RA
131958,Bba. #2 Caramelo Diluido ,6309,6208,"7""",MOTOR ELECTRICO,20,3520,RA
131956,Bba caramelo diluido #1,6309,6208,15 cm,MOTOR ELECTRICO,20,3520,RA
131956,Bba. 1 Caramelo Diluido ,6309,6208,"7""",MOTOR ELECTRICO,20,3520,RA
131898,Conductor arrastra de ceniza # 3,6207,6206,8,MOTOR ELECTRICO,2,1165,CALDERAS
131897,Válvula rotativa conductor # 2,6203,6203,No tiene,MOTOR ELECTRICO,0.5,1725,CALDERAS
131896,Conductor arrastra de ceniza # 3,6308,6207,8,MOTOR ELECTRICO,5,1160,CALDERAS
131894,Válvula rotativa del conductor # 3,6203,6203,No tiene,MOTOR ELECTRICO,0.5,1725,CALDERAS
131888,Hidráulico de arado de carbon,6207,6206,8,MOTOR ELECTRICO,7.5,1765,CALDERAS
131879,Alimentador de bagazo 3 caldera 5,6308,6206,"8""3/4",MOTOR ELECTRICO,10,1800,CALDERAS
131877,Pateador # 4,6205,6203,No tiene,MOTOR ELECTRICO,1,1140,CALDERAS
131876,Conductor salida # 2,6312,6312,8,MOTOR ELECTRICO,40,1780,CALDERAS
131876,Conductor salida # 2,6312,6312,8,MOTOR ELECTRICO,40,1780,CALDERAS
131875,Movimiento de tolvas de ceniza # 1,6204,6203,4,MOTOR ELECTRICO,1,1000,CALDERAS
131874,Movimiento de tolva1 de seniza seca ,603,6203,3,MOTOR ELECTRICO,1,1600,CALDERAS
131873,Conductor salida # 1,6312,6312,10,MOTOR ELECTRICO,50,1780,CALDERAS
131872,Forzado secundario 2 caldera 7A ,6319zz ,6316zz ,"14""",MOTOR ELECTRICO,250,1780,CALDERAS
131871,Ventilador torre enfriamiento ,6309,6309,"8""",MOTOR ELECTRICO,15,1465,CALDERAS
131871,Ventilador de torre enfriamiento de caldera 7,6309,6309,"8""",MOTOR ELECTRICO,15 hp,1465,CALDERAS
131869,Ventilador #2 espi caldera 7,6205,6204,"6""",MOTOR ELECTRICO,2 HP,3475,CALDERAS
131533,Bomba 2 disuelto de tercera ,6314,6314,"12""",MOTOR ELECTRICO,"44,76(60) kw",1775,RA
130945,Recibidor 2 masa 3ra ,6206,6205,6”,MOTOR ELECTRICO,5,1765,RA
130922,Banda 2 linea 5 caída L2 y L12,6206,6205,"6""",MOTOR ELECTRICO,5HP,1758,RA
130921,Banda transversal L5 hacia L2 y L12,6206,6205,"6""",MOTOR ELECTRICO,5HP,1750,RA
130921,Banda transversal L5 hacia L2 y L12,6206,6205,"6""",MOTOR ELECTRICO,5HP,1750,RA
130919,Motor 1 de semilla Tacho continuo 1A,6312-2z-c3,6312-2z-c3,7 pulgadas,MOTOR ELECTRICO,50HP,1780,RA
130895,Verificador de peso línea 12,6205,6203,X,MOTOR ELECTRICO,0.50 hp,1725,RA
130892,Detector de metales línea 12 ,6205,6205,6 pulgadas ,MOTOR ELECTRICO,1.5 hp,1740,RA
130877,Conductor Jumbo #3 linea 5,6205,6205,"5""",MOTOR ELECTRICO,1.10kw,1745,RA
130874,conductor jumo #2 línea 5 ,6205,6205,"""5""",MOTOR ELECTRICO,1.10kw,1745,RA
130874,conductor de ju,6206,6205,"""*5:",MOTOR ELECTRICO,1.10kw,1745,RA
130871,Conductor Jumbo #1 linea 5,6205,6205,"5""",MOTOR ELECTRICO,1.10kw,1745,RA
130868,Conductor jumbos 4 L4,6205,6205,"5""",MOTOR ELECTRICO,1.10kw,1745,RA
130865,conductor #3 línea 4,6205,6205,"""5""",MOTOR ELECTRICO,1.10kw,1745,RA
130862,Conductor Jumbo #2 linea 4,6205,6205,"5""",MOTOR ELECTRICO,1.10kw,1745,RA
130859,conductor #1 línea 4,6205 ,6205,"""5""",MOTOR ELECTRICO,1.10kw,1745,RA
130854,Conductor Jumbo #2 linea 3,6205,6205,"5""",MOTOR ELECTRICO,1.10kw,1745,RA
130850,Conductor Jumbo #1 linea 3,6205,6205,"5""",MOTOR ELECTRICO,1.10kw,1745,RA
130850,conductor de jumbo #1 línea 3,6205,6205,"""5""",MOTOR ELECTRICO,1.10kw ,1745,RA
130844,Verificador de peso línea 2 ,6205,6203,X,MOTOR ELECTRICO,1/2 hp,1725,RA
130841,Detector de metales línea 2,6205,6205,5 pulgadas ,MOTOR ELECTRICO,1.5 hp,1750,RA
130723,Motor 1 de condensado Tacho continuo 1C,6207-2z,6206-2z,6 pulgadas,MOTOR ELECTRICO,5 HP,3485,RA
130716,Motor 2 hervida tacho continuo 1C,6312-2z,6312-2z,7 pulgadas,MOTOR ELECTRICO,50 HP,1780,RA
130715,Motor 1 de hervida tacho continuo 1C,6319-2z,6314-2z,15 pulgadas,MOTOR ELECTRICO,200,1780,RA
130714,Motor 2 de meladura de miel hacia tanque elevado 1A,6309-2Z-C3,6309-2Z-C3,8 pulgadas,MOTOR ELECTRICO,20HP,1770,RA
130713,Motor 1 de meladura miel hacia tanque elevado 1A,6309-2Z-C3,6309-2Z-C3,8 pulgadas,MOTOR ELECTRICO,20HP,1770,RA
130636,Motor de horno de azufre ,6205,6204,15,MOTOR ELECTRICO,2,1730,TRATAMIENTO
130633,Motor de sin fin de azufre ,6205,6203,14.5 cm,MOTOR ELECTRICO,1/2,1755,TRATAMIENTO
130606,Bba invertido #3,6311,6211,12”,MOTOR ELECTRICO,40,1770,RA
129469,Motor 2 agua fria vertical CV3,6312-2z,6212-2z,7 pulgadas,MOTOR ELECTRICO,40HP,3555,RA
129448,ME DC Molino #3 TA,6332,6330,22 5/8 pulgadas ,MOTOR ELECTRICO,895 KW,850,EXTRACCION
128078,Agitador tacho 11,6316,6316,12”,MOTOR ELECTRICO,100 HP,1780,RA
128070,Ventilador ambiental,6206,6205,"7""",MOTOR ELECTRICO,2HP,1175,RA
128068,Ventilador ambiental ,6206,6205,"7""",MOTOR ELECTRICO,2HP,1175,RA
127069,Bomba 3 de segunda alta pureza ,6312,6312,"7""",MOTOR ELECTRICO,40HP,1780,RA
127045,Intermedio 5 ,6314,6314,8 1/2,MOTOR ELECTRICO,60,1780,EXTRACCION
127039,Agitador tacho 9 ,6316,6316,12”,MOTOR ELECTRICO,100,1780,RA
127038,Agitador tacho 8 ,6316,6316,11”,MOTOR ELECTRICO,100 HP,1780,RA
127037,Grano mejorado 1ra,6206,6205,6”,MOTOR ELECTRICO,5 HP,1740,RA
127035,Recibidor 2 masa primera ,6206,6205,6”,MOTOR ELECTRICO,5 HP,1765,RA
127026,Agitador tanque Fooculante ,6205,6203,4 pulgadas ,MOTOR ELECTRICO,1.50 HP ,1755,RA
127018,Lubricación planetario Molino 1 TB,6308 ,6207,8,MOTOR ELECTRICO,12.5,1765,EXTRACCION
126996,Bomba de vacío tacho # 14 ,6312,6311,7”,MOTOR ELECTRICO,40 HP,1780,RA
126929,Motor bomba  agua  caliente # 2  refinería ,6309 zz,6309 zz,"6 ""  de plastico",MOTOR ELECTRICO,20 Hp,3555,RA
126921,Motor Bba condensado filtro banda #2,6208,6205,6 pulgadas ,MOTOR ELECTRICO,10 hp,3525,RA
126913,Conductor Inclinado auxiliar T.A,6312,6311,10,MOTOR ELECTRICO,40,1780,CALDERAS
126900,Conductor principal de bagazo # 3,6312,6210,10,MOTOR ELECTRICO,50,1770,CALDERAS
124714,Bomba 1 colectores de hollin,6322C3,6319C3,14',MOTOR ELECTRICO,220 KW,1790,CALDERAS
124712,Bomba colectores de Hollín 2,6322C3,6319C3,10',MOTOR ELECTRICO,220 KW,1790,CALDERAS
124559,Lubricacion de conductor Auxiliar TA,6204,6203,4,MOTOR ELECTRICO,1.5,1715,EXTRACCION
124552,Bomba # 1 de masa 1ra tachos 15 y 16 ,6312,6312,10”,MOTOR ELECTRICO,40,1780,RA
124549,Motor 2 de condensado tacho continuo 2A,6307-2z,6206-2z,6 pulgadas,MOTOR ELECTRICO,7.5HP,1770,RA
124547,Motor 1 de condensado Tacho continuo 2A,6307-2z,6206-2z,6 pulgadas,MOTOR ELECTRICO,7.5,1770,RA
124545,Motor 3 de vacio tacho continuo 2A,6316-C3,6314-C3,12 pulgadas,MOTOR ELECTRICO,100HP,1775,RA
124543,Motor 2 de vacio tacho continuo 2A,6316-C3,6314-C3,12 pulgadas,MOTOR ELECTRICO,100HP,1775,RA
124541,Motor de vacio 1 tacho continuo 2A,6316-C3,6314-C3,12 pulgadas,MOTOR ELECTRICO,100HP,1775,RA
124533,Motor 2 de semilla tacho continuo 2A,6309-2z,6209-2z,7 pulgadas,MOTOR ELECTRICO,20HP,1765,RA
124530,Motor 1 de semilla Tacho continuo 2A,6309-2z,6209-2z,7 pulgadas,MOTOR ELECTRICO,20HP,1765,RA
124527,Motor 2 de masa tacho continuo 2A,6316-2z-c3,6316-2z-c3,7 pulgadas,MOTOR ELECTRICO,100HP,1780,RA
124527,Motor 2 de masa tacho continuo 2A,6314-2Z,6314-2Z,7 pulgadas,MOTOR ELECTRICO,60HP,1775,RA
124527,Motor 2 de masa tacho continuo 2A,6314-2Z,6314-2Z,7 pulgadas,MOTOR ELECTRICO,60HP,1775,RA
124523,Motor 1 de masa tacho continuo 2A,6316-2z-c3,6316-2z-c3,7 pulgadas,MOTOR ELECTRICO,100,1780,RA
124523,Motor masa 1 tacho continuo 2A,6314-2Z,6314-2Z,7 pulgadas,MOTOR ELECTRICO,60HP,1775,RA
124523,Motor masa 1 tacho continuo 2A,6314-2Z,6314-2Z,7 pulgadas,MOTOR ELECTRICO,60HP,1775,RA
124520,Planetario conductor auxiliar TA.,6319,6319,"12""",MOTOR ELECTRICO,214,1788,EXTRACCION
124494,Cepillo de limpieza conductor 1 TB,6309,6209,"8""",MOTOR ELECTRICO,15,1770,EXTRACCION
124494,Cepillo de limpieza conductor de caña 1 TB,6309,6209,"8""",MOTOR ELECTRICO,15,1770,EXTRACCION
124483,Elevador de azúcar humeda centrifugas 1A,6309-2z-j/c3,6309-2z-j/c3,7 pulgadas,MOTOR ELECTRICO,15,1775,RA
124479,MELADURA EVAPORADS 1,6316,6316,18CM,MOTOR ELECTRICO,75,1199,TRATAMIENTO
124466,Conductor 3 sacos llenos ,6005,6204,5 pulgadas ,MOTOR ELECTRICO,1 hp ,1730,RA
124465,Conductor 2 sacos llenos ,6005,6204,5 pulgadas ,MOTOR ELECTRICO,1 hp,1650,RA
124464,Conductor 1 sacos llenos ,6204,6203,4 pulgadas ,MOTOR ELECTRICO,1 hp,1790,RA
124453,Centrífuga 9 de segunda ,6316,6316,"11""",MOTOR ELECTRICO,100HP,1785,RA
124450,Me bomba 2 tq disuelto de terrones ,6312,6312,"10""",MOTOR ELECTRICO,40,1775,RA
124449,Bba. Disolutor de Terrones #1,6312,6311,10,MOTOR ELECTRICO,40,1775,RA
124383,Agitador tacho continuo 1A,6314Z-C3,6314Z-C3,9,MOTOR ELECTRICO,60HP,1780,RA
124379,Movimiento filtro banda de licor ,6306,6205,4 pulgadas ,MOTOR ELECTRICO,3 h0,1710,RA
124370,Elevador de azúcar humedad centrifugas 2A,6309-2z-j/c3,6309-2z-j/c3,7 pulgadas,MOTOR ELECTRICO,15,1775,RA
124367,Ventilador interno secadora 2A hacia manejadora,6311,6211,"12""",MOTOR ELECTRICO,30HP,1765,RA
124367,Ventilador interno secadora 2A hacia manejadora,6311,6211,"12""",MOTOR ELECTRICO,30HP,1765,RA
124347,Bomba 4 de segunda alta pureza ,6312,6312,"7""",MOTOR ELECTRICO,40HP,1780,RA
124272,Parrilla 2 caldera 7,6205,6204,4 pulgadas,MOTOR ELECTRICO,1,1150,CALDERAS
124272,Parrilla 2 caldera 7,6205,6204,4,MOTOR ELECTRICO,1,1150,CALDERAS
124269,Parrilla 1 caldera 7,6205,6203,No usa,MOTOR ELECTRICO,1,1145,CALDERAS
124245,BBa meladura clarificada hacia tachos #1,6316,6316,27 cm ,MOTOR ELECTRICO,100 HP,1785,TRATAMIENTO
124244,Bba meladura clarificada hacia tachos ,6316,6316,15 cm ,MOTOR ELECTRICO,100,1785,TRATAMIENTO
124096,Bomba 1 fosa recirculación de agua ,6316,6316,10',MOTOR ELECTRICO,74.60 KW,1780,CALDERAS
124070,Bomba 2 jugo mezclado TA,6319,6316,9,MOTOR ELECTRICO,150,1780,EXTRACCION
124066,criba de fábrica ,6309,6209,"""9""",MOTOR ELECTRICO,10,1175,RA
124065,criba del 2 A,6206,6205,"""6""",MOTOR ELECTRICO,2,1170,RA
124063,criba del 1 A,6206,6205,6,MOTOR ELECTRICO,2,1175,RA
124061,Rastrillo TB,6309,6309,"8""",MOTOR ELECTRICO,20,1770,EXTRACCION
124061,Rastrillo TB,6309,6309,"8""",MOTOR ELECTRICO,20,1770,EXTRACCION
124059,Banda 1 TB,6308,6207,"5""",MOTOR ELECTRICO,10,1765,EXTRACCION
124059,Conductor 1 trash TB,6308,6207,"5""",MOTOR ELECTRICO,"10""",1765,EXTRACCION
123919,Bba quíntuple efecto #1,6318,6213,45 cm,MOTOR ELECTRICO,75,890,TRATAMIENTO
123910,Planetario conductor 1 TA,6319,6319,12,MOTOR ELECTRICO,170,1788,EXTRACCION
123910,Planetario conductor 1 TA,6319,6319,12,MOTOR ELECTRICO,170 Hp,1788,EXTRACCION
123897,Ventilador torre enfriamiento TB,6309,6209,"9""",MOTOR ELECTRICO,15,1760,EXTRACCION
123897,Ventilador torre enfriamiento TB,6309,6209,"9""",MOTOR ELECTRICO,15,1760,EXTRACCION
123857,Bba retorno de agua reductores molinos ,6307,6309,9,MOTOR ELECTRICO,20,1770,EXTRACCION
123854,Bba maceración 2 TA ,6313,6212,9,MOTOR ELECTRICO,40,1190,EXTRACCION
123849,Bba circulación de agua TB,6309,6208,"8""",MOTOR ELECTRICO,20,1760,EXTRACCION
123849,Bba retornó de agua patio TB,6309,6208,"8""",MOTOR ELECTRICO,20,1760,EXTRACCION
123820,Bba retorno de agua molinos TA,6313,6313,10,MOTOR ELECTRICO,40,1190,EXTRACCION
123812,BBA retorno agua patio TA,6309,6209,"8""",MOTOR ELECTRICO,20,1775,EXTRACCION
123274,Centrifuga 7 ,6312,6212,"7""",MOTOR ELECTRICO,50,1775,RA
123270,Sin fin transversal t/c 1A,6309,6209,8,MOTOR ELECTRICO,20,1768,RA
123255,Bba de Maceración 1,6314,6314,"9""",MOTOR ELECTRICO,60,1775,EXTRACCION
123242,Bba 2 lubricación rotor desfibradora TB,6204,6203,"5""",MOTOR ELECTRICO,1,1747,EXTRACCION
123241,Bba 1 lubricación rotor desfibradora ,6204,6203,"5""",MOTOR ELECTRICO,1,1747,EXTRACCION
123238,Bba lubricación tanque elevado desfibradora,6204,6203,"5""",MOTOR ELECTRICO,75,1,EXTRACCION
123233,Bba lubricación desfibradora,6306,6306,"5""",MOTOR ELECTRICO,3,1755,EXTRACCION
123227,Tambor alimentador desfibradora TB,Nu 316,6316,"12""",MOTOR ELECTRICO,148,1785,EXTRACCION
123201,Bba 1 retorno agua caliente secadora ,6311 2Z C3,6210 2Z C3,"8""",MOTOR ELECTRICO,30 HP,1775,RA
123198,Recibidor 2 de masa tachos 15 y 16 ,6206,6205,6”,MOTOR ELECTRICO,5 HP,1758,RA
123198,Recibidor de masa 2 tacho 15 y 16 ,6206,6205,6”,MOTOR ELECTRICO,5,1758,RA
123197,Recibidor 1 de masa tachos 15 y 16 ,6206,6205,6”,MOTOR ELECTRICO,5,1758,RA
123197,Recibidor de masa 1 Tachos 15 y 16,6206,6205,6”,MOTOR ELECTRICO,5,1785,RA
123196,Granero fino de 3ra tacho 15 y 16,6206,6205,6”,MOTOR ELECTRICO,5 Hp,1765,RA
123190,Bba vacío tacho 15 fabrica ,6314,6314,10”,MOTOR ELECTRICO,40 HP ,1180,RA
123189,Bba. Vacío tacho 16 ,6314 ,6314,11”,MOTOR ELECTRICO,40,1180,RA
123185,Conductor principal de bagazo # 2,6318,6313,14,MOTOR ELECTRICO,150,1785,CALDERAS
123182,Agitador tacho 16 fabrica ,6316,6315,12”,MOTOR ELECTRICO,100 HP,1786,RA
123128,Motor 2 de agua fria cristalizador vertical 1,6312-2z,6311-2z,8 pulgadas,MOTOR ELECTRICO,40 HP,3530,RA
123118,Motor 2 de agua caliente cristalizador vertical 1 y 2,6212-2z,6212-2z,7 pulgadas,MOTOR ELECTRICO,40 HP,1770,RA
123116,Motor 1 de agua caliente cristalizador vertical 1 y 2,6212-2z,6212-2z,7 pulgadas,MOTOR ELECTRICO,40 HP,1770,RA
123104,Motor Bba de espuma #1,6309,6208,8 pulgadas ,MOTOR ELECTRICO,20 hp,1760,RA
123101,Bba de colorante #2,6303,6203,4 pulgadas ,MOTOR ELECTRICO,0.75,1700,RA
123092,ME Bba de Ácido fosforico #1,6303,6203,4 pulgadas ,MOTOR ELECTRICO,3/4= 0.75,1700,RA
123080,ME Bba de Sacarato #1,6304,6304,5 pulgadas ,MOTOR ELECTRICO,1,1751,RA
123033,Bba. Vacío tacho 11,6312,6210,12”,MOTOR ELECTRICO,40 HP,1775,RA
123019,Bba maceración 4 TA,6313,6312,9,MOTOR ELECTRICO,50,1190,EXTRACCION
122815,Recibidor masa 3ra 1 ,6206,6205,6”,MOTOR ELECTRICO,5 HP,1750,RA
122813,Mezclador tacho continuo 2A,6206-2z,6205-2z,6 pulgadas,MOTOR ELECTRICO,5 HP,1750,RA
122811,Recibidor 1 primera,6206,6205,6”,MOTOR ELECTRICO,5 HP,1765,RA
122807,Recibidor 2 de masa de segunda tacho continuo 2A,6206-2Z,6205-2Z,6 pulgadas,MOTOR ELECTRICO,5 HP,1765,RA
122807,Recibidor 2 masa 2da 3ra ,6206,6205,6”,MOTOR ELECTRICO,5 HP,1765,RA
122794,BBA lubricacion 2 de pre-picadora TA,6307,6206,8,MOTOR ELECTRICO,3,865,EXTRACCION
122779,Motor 1 de condensado C1/C2 de tacho continuo 1B,6206-2Z,6205-2Z,300 Mega ohmios,MOTOR ELECTRICO,5 HP,1750,RA
122778,Mesa 4 TB,6312,6311,"10""",MOTOR ELECTRICO,40,1775,EXTRACCION
122777,Bba jugo filtrado 1 TB,6220,6313,"12""",MOTOR ELECTRICO,150,1775,EXTRACCION
122764,Bomba de condensadosnde salchicha #2 ,6318,6318,14',MOTOR ELECTRICO,150 HP,1785,CALDERAS
122757,Centrifuga 8 de tercera ,6317,6317,"13""",MOTOR ELECTRICO,101kw,1775,RA
122750,Centrifuga 6 de tercera ,6316,6316,"12""",MOTOR ELECTRICO,140hp,1783,RA
122741,Mesa 3 TB ,6312,6311,"12""",MOTOR ELECTRICO,40,1775,EXTRACCION
122730,Bba#2 vacío melador E4,6313 ,6220,39?5,MOTOR ELECTRICO,125,1780,TRATAMIENTO
122708,Bba de inyección de agua a refinería #4,6220,6313,30 cm,MOTOR ELECTRICO,125,1780,RA
122706,Bba de vacío tachos refinería #1,6313,6313,13 pulgadas ,MOTOR ELECTRICO,40 HP,1190,RA
122703,Motor ajitador tacho #1 refineria,6316zz,6315zz .,9. 3/4  ,MOTOR ELECTRICO,100 HP,1785,RA
122689,Bba de vacío tacho 1 fábrica ,6312,6311,11”,MOTOR ELECTRICO,40,1775,RA
122688,Bomba 1 Jugo mezclado TA,6318,6318,9,MOTOR ELECTRICO,150,1780,EXTRACCION
122686,Bba 1 mezclados TB,6318,6318,"12""",MOTOR ELECTRICO,150,1780,EXTRACCION
122667,Ventilador #1 espi caldera 7,6205,6204,"6""",MOTOR ELECTRICO,2 HP,3475,CALDERAS
122665,Hidraulica de ceniza ,6308,6308,8,MOTOR ELECTRICO,15,1760,CALDERAS
122606,Triturador de carbon,Nu312,6312,9,MOTOR ELECTRICO,50,1765,CALDERAS
122606,Triturador de carbon,NU312,6312,9,MOTOR ELECTRICO,50,1765,CALDERAS
122604,Conductor arrastra de ceniza # 1,6307,6206,6,MOTOR ELECTRICO,7.5,1770,CALDERAS
122602,Sin fin de descarga ceniza,6208,6208,8,MOTOR ELECTRICO,7.5,1740,CALDERAS
122600,Nivelador tolva de ceniza seca,6203,6203,6,MOTOR ELECTRICO,11600,1600,CALDERAS
122593,Conductor de ceniza humeda ,6307,6206,6,MOTOR ELECTRICO,7.5,1770,CALDERAS
122590,Conductor de carbón # 6,6309,6208,8,MOTOR ELECTRICO,15,1765,CALDERAS
122589,Conductor de carbón # 5,6311,6309,8,MOTOR ELECTRICO,25,1770,CALDERAS
122588,Conductor de carbón # 4,6307,6206,6,MOTOR ELECTRICO,10,1770,CALDERAS
122587,Conductor de carbón # 3,6311,6309,8,MOTOR ELECTRICO,25,1770,CALDERAS
122586,Conductor de carbón # 2,6309,6208,8,MOTOR ELECTRICO,20,1765,CALDERAS
122585,Conductor de carbón # 1,6309,6209,8,MOTOR ELECTRICO,15,1770,CALDERAS
122526,bomba 2 miel primera,6311,6210,"""11""",MOTOR ELECTRICO,25,17758,RA
122512,Bba # 2 agua caliente  centrífuga de 1ra ,6310,6208,7”,MOTOR ELECTRICO,15,3530,RA
122438,Bba floculante clarificador de meladura # 3,6306,6205,10,MOTOR ELECTRICO,2,1710,TRATAMIENTO
122435,Bba floculante clarificador de meladura #2,6306,6205,10,MOTOR ELECTRICO,2,1710,TRATAMIENTO
122432,Bba floculante clarificador de meladura #1,6306,6205,10 cm,MOTOR ELECTRICO,2,1710,TRATAMIENTO
122421,Bba Ácido fosfórico #1,6205,6204,10,MOTOR ELECTRICO,0.75 ,825,TRATAMIENTO
122388,Bba sacarato clarificación de meladura a tachos #3 ,6306,6205,10,MOTOR ELECTRICO,2,1710,TRATAMIENTO
122194,Motor movimiento ventilador  Enfriadora ,6311 zz,6211 zz,"8""  plastico ",MOTOR ELECTRICO,30 Hp,1765,RA
122144,Nivelador 1 de mesa de caña 1 TA.,6313,6312,"9""",MOTOR ELECTRICO,60,1785,EXTRACCION
122140,Nivelador conductor 1 TB ,6313,6312,"9""",MOTOR ELECTRICO,60,1785,EXTRACCION
122140,nivelador conductor 1 tb,6313,6312,"9""",MOTOR ELECTRICO,60,1785,EXTRACCION
122117,Mesa de caña 2 TA.,6313,6312,"9""",MOTOR ELECTRICO,75,1780,EXTRACCION
122112,Mesa de caña 1 TA,6313,6312,"9""",MOTOR ELECTRICO,75,1780,EXTRACCION
122111,Filtro bagacillo TA,6311,6211,9,MOTOR ELECTRICO,25HP,1760,EXTRACCION
122032,Bba condensado alcalizado 3y4,6208,6206,13 cm,MOTOR ELECTRICO,10,1750,TRATAMIENTO
122028,Conductor principal #1,6319,6316,3.4 ,MOTOR ELECTRICO,150,1780,CALDERAS
122004,Bomba de agua #4 alimentación calderas ,6314,6314,14'',MOTOR ELECTRICO,500 HP,3575,CALDERAS
122004,Bomba de agua #4 alimentación calderas ,6314,6314,14'',MOTOR ELECTRICO,500 HP,3575,CALDERAS
121990,M.Licor Filtrado a tratamiento #2,6312,6312,7 pulgadas ,MOTOR ELECTRICO,50HP,1780,RA
121976,Motor Bba licor no tratado #2,6312,6312,8 pulgadas ,MOTOR ELECTRICO,50 hp,1780,RA
121952,Bba transferencia D2,6217,6214,41 cm,MOTOR ELECTRICO,60,1185,TRATAMIENTO
121951,Bomba de vacío tacho #10,6312,6212,9”,MOTOR ELECTRICO,30 hp,1175,RA
121930,Bba contra incendios,6311,6211,20,MOTOR ELECTRICO,25,1525,TRATAMIENTO
121928,bba de enfriamiento para evaporadores,6311,6319,24 Cm,MOTOR ELECTRICO,30,1170,TRATAMIENTO
121899,ME Bba 1 Agua Caliente Centrífugas 1ra,6309,6307,"7""",MOTOR ELECTRICO,15hp,3450,RA
121811,"Imbibicion Aux. TA, TB",6312,6212,"9""",MOTOR ELECTRICO,40,1775,EXTRACCION
121794,Forzado auxiliar caldera 6A ,6318zz ,6316zz ,"16""",MOTOR ELECTRICO,200 ,1780,CALDERAS
121792,Ventilador forzado 2 caldera 6A ,6318zz ,6314zz ,"14""",MOTOR ELECTRICO,200 ,1785,CALDERAS
121789,Bba de Maceración 2,6312,6212,"8""",MOTOR ELECTRICO,50,1770,EXTRACCION
121769,Agitador tanque Sacarato ,6205,6205,5 pulgadas ,MOTOR ELECTRICO,1.5 hp,1750,RA
121763,Motor Bba de espuma #2 ,6309,6209,7 pulgadas ,MOTOR ELECTRICO,20 hp ,1775,RA
121753,M. Licor filtrado a tratamiento #1,6312,6312,7 pulgadas ,MOTOR ELECTRICO,50 HP,1780,RA
121728,Agitador tanque reacción #2,6205,6203,5 pulgadas ,MOTOR ELECTRICO,1.50 hp,1755,RA
121724,Agitador tanque reacción #1,6204,6204,4 pulgadas ,MOTOR ELECTRICO,1-1/2 hp,1720,RA
121721,Areador #1 clarificador de licor ,6206,6205,6 pulgadas ,MOTOR ELECTRICO,2 HP,1760,RA
121706,Motor Bba de licor no tratado #1,6312,6312,8,MOTOR ELECTRICO,50 hp,1780,RA
121705,Bba condesado alcalizado 2,6308,6207,15 cm,MOTOR ELECTRICO,7.5,1725,TRATAMIENTO
121689,Bba de vacío #1 Tachos fábrica ,6312,6311,11”,MOTOR ELECTRICO,40 ,1775,RA
121688,Movimiento  motor  ajitador # 4 Refineria ,6314 zz,6210 zz,"12"" aluminio ",MOTOR ELECTRICO,75 Hp,1775,RA
121648,Nivelador mesa caña 2 TB,6312,6212,"11""",MOTOR ELECTRICO,40,1775,EXTRACCION
121604,Agitador licor no tratado ,6306,6306,5 pulgadas ,MOTOR ELECTRICO,5 hp ,1770,RA
121600,Motor Bba de vacío tacho auxiliar ,6311,6211,12 pulgadas ,MOTOR ELECTRICO,50 h0,1775,RA
121593,Conductor Inclinado T.B,6311,6211,8,MOTOR ELECTRICO,40,1775,CALDERAS
121587,Bba lubricación planetario cañera molino 6 TB,6206,6206,6,MOTOR ELECTRICO,4,1760,EXTRACCION
121570,Motor dc molino 5TB ,6332 C3,6330 C3,"22"" 3/4",MOTOR ELECTRICO,895 kw,850,EXTRACCION
121133,Forzado secundario 1 caldera 7A ,6319zz ,6316zz ,"14""",MOTOR ELECTRICO,250 ,1780,CALDERAS
121124,Nivelador 1 conductor 2 TB,6311,6311,"8""",MOTOR ELECTRICO,50,1775,EXTRACCION
121124,Nivelador 1 conductor de caña 2 ,6311,6311,"8""",MOTOR ELECTRICO,50,1775,EXTRACCION
121105,Meladura evaporada 2,6316,6313,20.5 CM,MOTOR ELECTRICO,75,1885,TRATAMIENTO
121094,Bba maceración 1 TA,6313,6212,9,MOTOR ELECTRICO,75,1776,EXTRACCION
121092,Ventilador  secadora refinería ,6310zz,6208zz,8 .3/4,MOTOR ELECTRICO,30 Hp,1750,RA
121092,Motor movimiento ventilador Secadora ,6310zz,6208zz ,8. 3/4 de aluminio,MOTOR ELECTRICO,30 Hp,1750,RA
121078,Centrífugas #3 de segunda ,6312,6311,12”,MOTOR ELECTRICO,50,1770,RA
121067,Bomba de vacío auxiliar 2A/3A tachos fabrica ,6314,6314,15”,MOTOR ELECTRICO,75 HP,1775,RA
121061,BBa de meladura no clarificada ,6314,6314,25 cm ,MOTOR ELECTRICO,60 HP,1775,TRATAMIENTO
121060,Bomba 2 fosa recirculación de agua calderas,6314,6210,10',MOTOR ELECTRICO,75 HP,1775,CALDERAS
121048,Motor 1 de vacio de tacho continuo 1A,6316-2Z,6313-2Z,12 pulgadas,MOTOR ELECTRICO,75 HP,1180,RA
121043,Hidráulico arado #1,6311,6211,10,MOTOR ELECTRICO,50,1765,CALDERAS
121025,Over fire secundario caldera 6A ,6313zz ,6212zz ,"14""",MOTOR ELECTRICO,75,1770,CALDERAS
121020,Imbibicion 3 TB,6314,6312,"12""",MOTOR ELECTRICO,60,1780,EXTRACCION
121017,M. Bba de vacío #5 tachos Refinería ,6311,6309,10 pulgadas ,MOTOR ELECTRICO,30,1750,RA
121005,Conductor transversal,6309,6307,8,MOTOR ELECTRICO,15,1760,CALDERAS
121005,Conductor transversal,6309,6307,8,MOTOR ELECTRICO,15,1760,CALDERAS
120994,Bomba de agua Aux colonia ,6308,6207,"7""",MOTOR ELECTRICO,7.5HP,1765,RA
120992,Bba lubricación pre picadora TB ,6205,6203,"4""",MOTOR ELECTRICO,1,1725,EXTRACCION
120967,Conductor Inclinado T.A,6311,6211,10,MOTOR ELECTRICO,40,1775,CALDERAS
120962,Conductor de bagazo banda 84,6314,6314,10,MOTOR ELECTRICO,75,1775,CALDERAS
120948,Motor 2 de vacio de tacho continuo 1A,6316-2Z,6313-2Z,12 pulgadas,MOTOR ELECTRICO,75 HP,1180,RA
120924,Me tornillo sinfin #1 de 3ra,6309,6209,"14""",MOTOR ELECTRICO,60,1760,RA
120432,Agitador tacho 7 Fábrica ,6214,6214,11”,MOTOR ELECTRICO,100,1780,RA
120424,Alimentador de bagazo 1 caldera 6,6207,6206,"8""3/4",MOTOR ELECTRICO,10,1755,CALDERAS
120406,Motor bomba agua  dulce  # 1,6309zz 6309zz ,6309zz  ,"6 "" plastico ",MOTOR ELECTRICO,20,0,RA
119794,Hidráulico de arado # 2,6312,6212,10,MOTOR ELECTRICO,50,1755,CALDERAS
114674,Bomba 1 miel final de tercera ,6311,6208,"8""",MOTOR ELECTRICO,30HP,1760,RA
114673,Bomba miel final de tercera # 2 ,6310,6210 ,8” ,MOTOR ELECTRICO,30 HP ,1775,RA
114672,bomba htm fabrica a romana,6311,6309,"""10""",MOTOR ELECTRICO,25,1760,RA
114668,Motor Wash Tacho continuo 2A,6309-2z,6207-2z,7 pulgadas,MOTOR ELECTRICO,20HP,1770,RA
114667,Motor 2 de miel primera tacho continuo 2A,6311-2z,6308-2z,7 pulgadas,MOTOR ELECTRICO,30 HP,1780,RA
114666,Motor 1 miel primera tacho continuo 2A,6311-2z,6309-2z,7 pulgadas,MOTOR ELECTRICO,30HP,1780,RA
114660,Bomba #1 material Azucarado a destileria,6309,6207,"""9""",MOTOR ELECTRICO,20,1770,RA
114651,Bomba 1 miel primera ,6311,6309,"10""",MOTOR ELECTRICO,30,1780,RA
114634,Bba lubricación chumaceras farval 1,6205,6203,6,MOTOR ELECTRICO,1,1760,EXTRACCION
114633,Bba lubricación chumaceras farval 3,6205,6203,6,MOTOR ELECTRICO,1,1750,EXTRACCION
114632,Falval 2,6205,6203,4,MOTOR ELECTRICO,2,1755,EXTRACCION
114631,Falval 2,6205,6203,4,MOTOR ELECTRICO,1,1725,EXTRACCION
114616,ME ventilación externa motor Molino 5 TB,6311-C3,6211-z-c3,9,MOTOR ELECTRICO,20 HP,870,EXTRACCION
114615,Ventilación interna motor molino 5 TB ,6311_C3,6211_C3,9,MOTOR ELECTRICO,20 HP,870,EXTRACCION
114608,Ventilación interna motor molino 3 TB,6311 C2,6211 C3,9,MOTOR ELECTRICO,20 HP,870,EXTRACCION
114599,ME ventilación externa molino #5 TA,6311-c3,6211-Z-C3,9 ,MOTOR ELECTRICO,25 HP,1165,EXTRACCION
114592,Centrífugas 10 de segunda ,6217,6214,14”,MOTOR ELECTRICO,100,1785,RA
114569,Alimentador de bagazo 4 caldera 5,6207,6206,"8""3/4",MOTOR ELECTRICO,10,1755,CALDERAS
114568,Alimentador de bagazo 5 caldera5,6207,6206,"8""3/4",MOTOR ELECTRICO,10,1755,CALDERAS
114567,Alimentador de bagazo 2 caldera 5,6207,6206,"8""3/4",MOTOR ELECTRICO,10,1755,CALDERAS
114566,Alimentador de bagazo 8 caldera 6,6207,6206,"8""3/4",MOTOR ELECTRICO,10,1755,CALDERAS
114565,Alimentador de bagazo 1 caldera 5,6207,6206,"8""3/4",MOTOR ELECTRICO,10,1755,CALDERAS
114564,Bba 2 torre enfriamiento agua ,6312,6312,"10""",MOTOR ELECTRICO,40,1775,CALDERAS
114564,Bomba 2 de torre enfriamiento de agua,6312,6312,"9""",MOTOR ELECTRICO,40hp,1775,CALDERAS
114563,Bba 1 torre enfriamiento agua ,6312,6312,"10""",MOTOR ELECTRICO,40,1775,CALDERAS
114563,Bomba 1de torre enfriamiento de agua,6312,6312,"9""",MOTOR ELECTRICO,40,1775,CALDERAS
114562,Alimentador de carbon 2 caldera 7,6205,6203,No usa,MOTOR ELECTRICO,1,1145,CALDERAS
114561,Alimentador de carbón 7 caldera 7,6205,6203,No usa ,MOTOR ELECTRICO,1,1145,CALDERAS
114560,Alimentador 3 caldera 7,6205,6203,No usa,MOTOR ELECTRICO,1,1145,CALDERAS
114559,Alimentador de carbon 6 caldera 7,6205,6203,No usa,MOTOR ELECTRICO,1,1145,CALDERAS
114558,Pateador # 5,6205,6203,No tiene,MOTOR ELECTRICO,1,1140,CALDERAS
114557,Alimentador de carbón 9 caldera 7,6205,6203,No usa,MOTOR ELECTRICO,1,1145,CALDERAS
114556,Alimentador de carbón 1 caldera 7,6205,6203,No usa ,MOTOR ELECTRICO,1,1145,CALDERAS
114555,Alimentador de carbón 8 caldera 7,6205,6203,No usa ,MOTOR ELECTRICO,1 ,1145,CALDERAS
114554,Alimentador 4 caldera 7,6205,6203,No usa,MOTOR ELECTRICO,1,1145,CALDERAS
114553,Alimentador de carbón 10 caldera 7,6205,6203,No usa ,MOTOR ELECTRICO,1 HP,1145,CALDERAS
114552,Alimentador de bagazo  # 8,6309,6206,No tiene,MOTOR ELECTRICO,7.5,1765,CALDERAS
114552,Alimentador de bagazo  # 8,6309,6206,No tiene,MOTOR ELECTRICO,7.5,1765,CALDERAS
114551,Alimentador de bagazo # 7,6309,6206,No tiene,MOTOR ELECTRICO,7.5 ,1765,CALDERAS
114551,Alimentador de bagazo # 7,6309,6206,No tiene,MOTOR ELECTRICO,7.5 ,1765,CALDERAS
114550,Alimentador de bagazo #6,6309,6206,No tiene,MOTOR ELECTRICO,7.5,1765,CALDERAS
114550,Alimentador de bagazo #6,6309,6206,No tiene,MOTOR ELECTRICO,7.5,1765,CALDERAS
114549,Alimentador #5,6309,6206,"9""",MOTOR ELECTRICO,7.5,1765,CALDERAS
114549,Alimentador #5,6309,6206,"9""",MOTOR ELECTRICO,7.5,1765,CALDERAS
114548,Alimentador de bagazo #4,6309,6206,No tiene,MOTOR ELECTRICO,7.5,1765,CALDERAS
114548,Alimentador de bagazo # 3,6309,6206,No tiene,MOTOR ELECTRICO,15,1765,CALDERAS
114548,Alimentador de bagazo #4,6309,6206,No tiene,MOTOR ELECTRICO,7.5,1765,CALDERAS
114548,Alimentador de bagazo # 3,6309,6206,No tiene,MOTOR ELECTRICO,15,1765,CALDERAS
114547,Alimentador de bagazo 3 caldera 7,6309,6206,No usa,MOTOR ELECTRICO,7.5 HP,1765,CALDERAS
114546,Alimentador de bagazo#2,6309,6206,No tiene,MOTOR ELECTRICO,7.5,1760,CALDERAS
114546,Alimentador #2,6381,6206,"9""",MOTOR ELECTRICO,7.5,1765,CALDERAS
114546,Alimentador de bagazo#2,6309,6206,No tiene,MOTOR ELECTRICO,7.5,1760,CALDERAS
114546,Alimentador #2,6381,6206,"9""",MOTOR ELECTRICO,7.5,1765,CALDERAS
114545,Alimentador  de bagazo #1,6309,6206,"8""",MOTOR ELECTRICO,70,1765,CALDERAS
114545,Alimentador  de bagazo #1,6309,6206,"8""",MOTOR ELECTRICO,70,1765,CALDERAS
114543,Alimentador de bagazo 1 caldera 4,6207,6206,"8""3/4",MOTOR ELECTRICO,10,1755,CALDERAS
114541,Alimentador de bagazo # 3,6207,6206,8,MOTOR ELECTRICO,10,1760,CALDERAS
114540,Alimentador de bagazo 6 caldera 6,6207,6206,"8""3/4",MOTOR ELECTRICO,10,1755,CALDERAS
114539,Alimentador de bagazo 2 caldera 6,6207,6206,"8""3/4",MOTOR ELECTRICO,10,1745,CALDERAS
114538,Alimentador de bagazo 3 caldera 6,6207,6206,"8""3/4",MOTOR ELECTRICO,10,1755,CALDERAS
114537,Alimentador de bagazo 4 caldera 4,6207,6206,"8""3/4",MOTOR ELECTRICO,10,1755,CALDERAS
114535,Alimentador de bagazo 5 caldera 6,6207,6207,"8""3/4",MOTOR ELECTRICO,10,1755,CALDERAS
114534,Alimentador de bagazo 3 caldera 3,6207,6206,"8""3/4",MOTOR ELECTRICO,10,1755,CALDERAS
114534,Alimentador de bagazo 3 caldera 4,6207,6206,"8""3/4",MOTOR ELECTRICO,10,1755,CALDERAS
114533,Alimentador de bagazo 7 caldera 6,6207,6206,"8""3/4",MOTOR ELECTRICO,10,1755,CALDERAS
114532,Alimentador de bagazo 2 caldera 4,6207,6206,"8""3/4",MOTOR ELECTRICO,10,1755,CALDERAS
114531,Alimentador de bagazo 4 caldera 3,6207,6206,"8""3/4",MOTOR ELECTRICO,10,1755,CALDERAS
114530,Alimentador de bagazo 2 caldera 3,6207,6206,"8""3/4",MOTOR ELECTRICO,10,1755,CALDERAS
114529,Alimentador de bagazo 1 caldera 3,6207,6206,"8""3/4",MOTOR ELECTRICO,10,1755,CALDERAS
114528,Alimentador de bagazo 5 caldera 2,6207,6206,"8""3/4",MOTOR ELECTRICO,10 ,1755,CALDERAS
114527,Alimentador de bagazo 3 caldera 2,6207 ,6206 ,"8""3/4",MOTOR ELECTRICO,10,1755,CALDERAS
114526,Alimentador de bagazo 4 de caldera 2,6207,6206,"8 ""3/4",MOTOR ELECTRICO,10 ,1750,CALDERAS
114525,Alimentador de bagazo #1 ,6207,6206,8,MOTOR ELECTRICO,10,1755,CALDERAS
114524,Motor,6207,6206,"8"" 3/4",MOTOR ELECTRICO,10,1755,CALDERAS
114523,Caldera 1 alimentador#4,6207,6206,"8.0""",MOTOR ELECTRICO,10,1755,CALDERAS
114522,Alimentador de de bagazo # 3 la caldera 1,6207,6206,8,MOTOR ELECTRICO,10,1755,CALDERAS
114521,Alimentador de bagazo #5 caldera # 1,6207,6206,8,MOTOR ELECTRICO,10,1755,CALDERAS
114520,Caldera#1 alimentador #2,6207,6206,"8""",MOTOR ELECTRICO,10,1755,CALDERAS
114519,Alimentador de bagazo #2 de caldera 2,6207,6206,0.5,MOTOR ELECTRICO,10,1755,CALDERAS
114461,Bba sistema hidráulico # 2 ,6309,6207,7”,MOTOR ELECTRICO,15 HP,1775,RA
114460,Bba sistema hidráulico tachos 1  ,6308,6308,8”,MOTOR ELECTRICO,10,1760,RA
114450,Motor movimiento ajitador tacho # 5 Refineria ,6313 zz,6212 zz,"15 ""  1/2",MOTOR ELECTRICO,75 Hp,1775,RA
114444,Movimiento  motor  ajitador 3 tachos  Refineria ,6314 zz,6314 zz,"15 "" de  aluminio ",MOTOR ELECTRICO,60 Hp,1717,RA
114444,Movimiento  motor  ajitador 3 tachos  Refineria ,6314 zz,6314 zz,"15 "" de  aluminio ",MOTOR ELECTRICO,60 Hp,1717,RA
114440,Bomba de vacío tacho # 9 ,6313,6212,11”,MOTOR ELECTRICO,40 HP,1175,RA
114440,Bba de vacío tacho 13 fabrica ,6313,6212,11”,MOTOR ELECTRICO,25 HP,1180,RA
114439,Motor movimiento  ajitador tacho #2 Refineria ,6313zz,6212 zz[," 12""   de  aluminio ",MOTOR ELECTRICO,60 Hp,1780,RA
114439,Motor movimiento  ajitador tacho #2 Refineria ,6313zz,6212 zz[," 12""   de  aluminio ",MOTOR ELECTRICO,60 Hp,1780,RA
114425,Bba. De jugo rotoclones 2A,6309,6208,9,MOTOR ELECTRICO,15,1765,RA
114415,Tornillo sinfin 1 de tercera ,6309,6209,"8""",MOTOR ELECTRICO,15HP,1760,RA
114371,Mingler 3ra,6309,6209,"9""",MOTOR ELECTRICO,15hp,1760,RA
114347,Motor 2 de semilla Tacho continuo 1A,6312-2z-c3,6312-2z-c3,7 pulgadas,MOTOR ELECTRICO,40HP,1780,RA
114345,Motor 2 de masa continuo 1B,6316-2Z-C3,6316-2Z-C3,7 pulgadas,MOTOR ELECTRICO,100HP,1780,RA
114345,Motor 2 de masa continuo 1B,6316-2Z-C3,6316-2Z-C3,7 pulgadas,MOTOR ELECTRICO,100HP,1780,RA
114344,Motor 1 de masa continuo 1B,6316-2Z-C3,6316-2Z-C3,7 pulgadas,MOTOR ELECTRICO,100HP,1780,RA
114339,Tamizador de azúcar ,6205,6204,6”,MOTOR ELECTRICO,1.5 HP,1730,RA
114327,Motor 1 de condensado C3 de tacho continuo 1B,6206-2Z,6205-2Z,6,MOTOR ELECTRICO,3,1755,RA
114326,Motor 2 de condensado C3 de tacho continuo 1B,6206-2Z,6203-2Z,6,MOTOR ELECTRICO,3 HP,1750,RA
114325,Motor 2 de condensado C1/C2 de tacho continuo 1B,6206-2Z,6205-2Z,6,MOTOR ELECTRICO,5 HP,1750,RA
114323,Motor 2 de vacio de tacho continuo 1B,6314-C3,6314-C3,9 pulgadas,MOTOR ELECTRICO,50 HP,1180,RA
114322,Motor 1 de vacio de tacho continuo 1B,6314-C3,6314-C3,9 pulgadas,MOTOR ELECTRICO,50,1180,RA
114321,Agitador tacho continuo 1B,6314-C3,6314-C3,12 pulgadas,MOTOR ELECTRICO,75 HP,1775,RA
114314,Motor 1 de condensado C3 Tacho continuo 2B,6205-2Z,6203-2Z,6 pulgadas,MOTOR ELECTRICO,1 1/2 HP,1740,RA
114314,Motor 1 de condensado C3 de tacho continuo 2B,6205-2Z,6203-2Z,6 pulgadas,MOTOR ELECTRICO,1 1/2 HP,1740,RA
114313,Motor 2 de condensado C3 Tacho continuo 2B,6205-2Z,6203-2Z,6 pulgadas,MOTOR ELECTRICO,1 1/2 HP,1740,RA
114313,Motor 2 de condensado C3 de tacho continuo 2B,6205-2Z,6203-2z,6 pulgadas,MOTOR ELECTRICO,1 1/2 HP,1740,RA
114312,Motor 2 de condensado C1-2 Tacho continuo 2B,6206-2Z,6205-2Z,7 pulgadas,MOTOR ELECTRICO,5 HP,1750,RA
114312,Motor 2 de condensado C1/C2 tacho continuo 2B,6206-2z,6205-2Z,7 pulgadas,MOTOR ELECTRICO,5 HP,1750,RA
114311,Motor 1 de condensado C1-C2 Tacho continuo 2B,6206-2Z,6205-2Z,7 pulgadas,MOTOR ELECTRICO,5,1750,RA
114311,Motor 1 de condensado C1/C2 tacho continuo 2B,6206-2Z,6205-2Z,7 pulgadas,MOTOR ELECTRICO,5 HP,1750,RA
114309,Motor 2 de vacio tacho continuo 2B,6312-2z,6215-2z,12 pulgadas,MOTOR ELECTRICO,50 HP,1175,RA
114308,Agitador tacho continuo 2B,6313-2Z-JC,6213-2Z-JC,9 pulgadas,MOTOR ELECTRICO,75 HP,1785,RA
114294,Motor 2 de condensado C3 de tacho continuo 1A,6205-2Z,6203-2Z,6 pulgadas,MOTOR ELECTRICO,2,1720,RA
114293,Motor 1 de condensado C3 de tacho continuo 1A,6205-2Z,6204-2Z,6 pulgadas,MOTOR ELECTRICO,2,1720,RA
114291,Motor 1 de condensados C1-C2 Tacho continuo 1A,6206-2Z,6205-2Z,6 pulgadas,MOTOR ELECTRICO,5HP,1750,RA
114291,Motor 1 de condensado C1/C2 de tacho continuo 1A,6206-2Z,6205-2Z,7 pulgadas,MOTOR ELECTRICO,5 HP,1750,RA
114282,M. Bba de vacío tacho #3 refinería ,6312,6212,11 pulgadas ,MOTOR ELECTRICO,25 ,1180,RA
114281,Agitador tacho # 13 ,6312,6311,10”,MOTOR ELECTRICO,50 HP,1765,RA
114276,Agitador tacho # 12,6313,6312,12”,MOTOR ELECTRICO,60 HP,1780,RA
114252,Bomba de vacío tacho #6,6312,6310,11 “,MOTOR ELECTRICO,60 HP,1780,RA
114248,Bomba de vacío # 5 ,6310,6210,9”,MOTOR ELECTRICO,30 HP,1770,RA
114247,Agitador del tacho #5 ,6312,6212,11”,MOTOR ELECTRICO,50 HP ,1770,RA
114243,Bomba de vacío tacho # 4 fabrica ,6213,6211,10”,MOTOR ELECTRICO,40 HP,1760,RA
114242,Agitador tacho # 4,6314,6314,12”,MOTOR ELECTRICO,75 HP ,1775,RA
114237,Agitador del tacho # 3,6313,6213,12”,MOTOR ELECTRICO,75,1775,RA
114233,Bba. Vacío tacho 2 de fabrica ,6312,6310,12”,MOTOR ELECTRICO,30,1180,RA
114232,Agitador Tacho 2 Fabrica ,6316,6314,11”,MOTOR ELECTRICO,100,1775,RA
114226,Agitador #1 Tacho fábrica ,6316,6313,13,MOTOR ELECTRICO,100,1780,RA
114182,Bba condensado E4,6311,6212,20CM,MOTOR ELECTRICO,20,725,TRATAMIENTO
114182,Condensado E4,6311,6212,20 CM,MOTOR ELECTRICO,20 HP,725,TRATAMIENTO
114181,Condensado E3,6311,6309,30.4 cm ,MOTOR ELECTRICO,15,1170,TRATAMIENTO
114181,Condensado E3,6311,6309,30.4 CM,MOTOR ELECTRICO,15,1115,TRATAMIENTO
114177,Forzado secundario caldera 3A ,6318zz ,6316zz ,"Ventilador aluminio de 151/2""",MOTOR ELECTRICO,125,1780,CALDERAS
114176,Bba #1 vacío melador 2,6319,6314,39.5,MOTOR ELECTRICO,150,1780,TRATAMIENTO
114175,Bba #1 vacío Melador E4,6319,6316,29.5,MOTOR ELECTRICO,150,1780,TRATAMIENTO
114174,Bba. Inyección tachos fabrica ,6318,6318,14”,MOTOR ELECTRICO,150,1785,RA
114169,Conductor de granel#1,6309,6307,"7""",MOTOR ELECTRICO,15HP,1760,RA
114169,Conductor de Granel #1,6309,6307,"7""",MOTOR ELECTRICO,15HP,1760,RA
114155,BBA enfriamiento Chumaceras Molinos TA/TB,6309,6209,9,MOTOR ELECTRICO,20,1755,EXTRACCION
114151,Motor movimiento conductor #1  azúcar  humedad  refineria ,6309zz,6307 zz," 7 "" 1/2    de plastico",MOTOR ELECTRICO,Xxxx,0,RA
114128,Bba condensado alcalizado 5y6,6307,6206,15 cm,MOTOR ELECTRICO,7.5,1765,TRATAMIENTO
114125,Bba condesado alcalizado 1,6309,6209,10 cm,MOTOR ELECTRICO,7.5,1725,TRATAMIENTO
114079,Bomba auxiliar de lubricación molino 5 TA ,6308,6207,9,MOTOR ELECTRICO,10,1760,EXTRACCION
114078,Bomba principal de lubricación reductor molino  5 TA,6308,6207,9,MOTOR ELECTRICO,10,1160,EXTRACCION
114077,Bomba auxiliar red de baja molino 4,6308,6207,9,MOTOR ELECTRICO,10,1760,EXTRACCION
114076,Bomba de  lubricación principal de red de baja molino 4,6308,6207,9,MOTOR ELECTRICO,10,1160,EXTRACCION
114068,Bba lubricación principal molino 3,6308,6207,9,MOTOR ELECTRICO,10,1160,EXTRACCION
114067,Bomba de lubricación principal de reductor de alta molino 3 TA,6308,6204,9,MOTOR ELECTRICO,10,1160,EXTRACCION
114066,Bomba auxiliar de red de baja molino 3 TA ,6308,6207,9,MOTOR ELECTRICO,10,1760,EXTRACCION
114063,Bba lubricación molino 5,6205,6204,9,MOTOR ELECTRICO,3,1730,EXTRACCION
114062,Motor DC molino 3 TB ,6332 M/C3,6330 M/C3,"23""1/2 ",MOTOR ELECTRICO,895,850,EXTRACCION
114061,Bba lubricación molino 4,6205,6204,9,MOTOR ELECTRICO,3,1730,EXTRACCION
114045,Mesa 2 TB,6213,6211,"11""",MOTOR ELECTRICO,40,1770,EXTRACCION
114027,Nivelador 1 mesa 1 TB,6312,6212,"11""",MOTOR ELECTRICO,40,1770,EXTRACCION
114023,Bba mezclados 2 TB,6318,6318,"12""",MOTOR ELECTRICO,150,1785,EXTRACCION
114003,Conductor de salida #0,6311,6208,"8""",MOTOR ELECTRICO,25,1760,CALDERAS
114003,Conductor de salida # 0,6311,6209,8,MOTOR ELECTRICO,25,1775,CALDERAS
114001,Conductor salida # 3,6312,6212,10,MOTOR ELECTRICO,40,1775,CALDERAS
114000,sin fin interno de fabrica,6309,6209,"""9""",MOTOR ELECTRICO,20,1770,RA
113999,Conductor Reclamo # 7,6311,6309,8,MOTOR ELECTRICO,30,1760,CALDERAS
113995,Conductor Reclamo # 8,6311,6211,9,MOTOR ELECTRICO,25,1760,CALDERAS
113994,Conductor salida # 4,6312,6212,10,MOTOR ELECTRICO,40,1775,CALDERAS
113992,Conductor Reclamo # 5,6312,6212,10,MOTOR ELECTRICO,50,1770,CALDERAS
113991,Conductor reclamo #4,6311,6211,"10""",MOTOR ELECTRICO,30,1765,CALDERAS
113991,Conductor reclamo #4,6311,6211,"10""",MOTOR ELECTRICO,30,1765,CALDERAS
113990,Conductor Reclamo # 3,6311,6211,8,MOTOR ELECTRICO,30,1755,CALDERAS
113990,Conductor Reclamo # 3,6311,6211,8,MOTOR ELECTRICO,30,1755,CALDERAS
113989,Conductor reclamo #2,6312,6309,"8""",MOTOR ELECTRICO,40,1765,CALDERAS
113989,Conductor reclamo #2,6312,6309,"8""",MOTOR ELECTRICO,40,1765,CALDERAS
113988,Conductor reclamo # 1,6312,6311,9,MOTOR ELECTRICO,40,1770,CALDERAS
113985,Bba duplex #1,6316,6316,26 cm,MOTOR ELECTRICO,100,1780,TRATAMIENTO
113976,Bomba de agua #9 alimentación calderas ,6315,6315,12',MOTOR ELECTRICO,600 KW,3575,CALDERAS
113975,Bomba de agua 8 alimentación calderas,6314,6314,12',MOTOR ELECTRICO,600 HP,3572,CALDERAS
113974,Bomba de agua #3 alimentación calderas,6315 2Z,6315 2Z,12'',MOTOR ELECTRICO,800 HP,3570,CALDERAS
113973,INDUCIDO 2 CALDERA 7,NU324C3,6319C3,14',MOTOR ELECTRICO,700 HP,893,CALDERAS
113973,Bomba de agua #7 alimentación calderas ,No usa ( usa chumaceras),No usa (usa chumaceras),No usa( es enfriado por aceite),MOTOR ELECTRICO,1000 HP,3560,CALDERAS
113972,Bomba de agua #5 alimentación calderas ,No usa (usa chumaceras),No usa (usa chumaceras),No usa (es enfriado por aceite),MOTOR ELECTRICO,1000 HP,3560,CALDERAS
113970,Bomba de condensados tanque de salchicha #3,6318,6318,10 ½,MOTOR ELECTRICO,125 HP,1785,CALDERAS
113969,Bomba de condensados tanque de salchicha #1,6318,6318,14',MOTOR ELECTRICO,125 HP,1780,CALDERAS
113947,Romana Bascula # 2,6205,6203,4,MOTOR ELECTRICO,1,1725,CALDERAS
113946,Romana Báscula # 1,6205,6203,4,MOTOR ELECTRICO,1,1725,CALDERAS
113945,Neumático #1 caldera 7,6314,6314,"12""",MOTOR ELECTRICO,60 KW,3555,CALDERAS
113944,Motor neumático #2 caldera 7,6314,6314,"12""",MOTOR ELECTRICO,60 KW,3555,CALDERAS
113941,Forzado primario #2 Caldera7,6319,6316,"14""",MOTOR ELECTRICO,250,1780,CALDERAS
113940,Forzado primario#1 Caldera7,6319,6316,"14""",MOTOR ELECTRICO,125,1185,CALDERAS
113938,Inducido #1 Caldera 7,Nu-6224,6320,"21 ¾""",MOTOR ELECTRICO,800,893,CALDERAS
113937,Pateador  # 6,6205,6203,No tiene,MOTOR ELECTRICO,1,1140,CALDERAS
113936,Paseador # 1,6205 ,6203,No tiene,MOTOR ELECTRICO,1,1140,CALDERAS
113935,Paseador # 3,6205,6203,No tiene,MOTOR ELECTRICO,1,1140,CALDERAS
113934,Pateador # 7,6205,6203,No tiene,MOTOR ELECTRICO,1,1140,CALDERAS
113933,Alimentador de carbón 5 caldera 7,6205,6203,No usa ,MOTOR ELECTRICO,1,1145,CALDERAS
113932,Pateador # 2,6205,6203,No tiene,MOTOR ELECTRICO,1,1140,CALDERAS
113930,Pateador # 8,6205,6203,No tiene,MOTOR ELECTRICO,1,1140,CALDERAS
113929,Pateador # 9,6205,6203,No tiene,MOTOR ELECTRICO,1,1140,CALDERAS
113928,Pateador # 10,6205,6203,No tiene,MOTOR ELECTRICO,1,1140,CALDERAS
113898,Tiro forzado caldera 3A ,6319zz ,6316zz ,"18""",MOTOR ELECTRICO,200 ,1780,CALDERAS
113896,Over fire primario caldera 6A ,6313zz ,6213zz ,"11 3/4""",MOTOR ELECTRICO,75,1775,CALDERAS
113893,Tiro inducido 2 caldera 6A ,6322zz ,6322zz ,"19""",MOTOR ELECTRICO,500 ,1785,CALDERAS
113892,Tiro inducido #1 caldera 6A ,6322zz ,6322zz ,"18""",MOTOR ELECTRICO,500,1785,CALDERAS
113887,Forzado secundario caldera 4A ,6319zz ,6316zz ,"10""",MOTOR ELECTRICO,125,1780,CALDERAS
113886,Over fire caldera 4A ,6314zz ,6311zz ,"14""",MOTOR ELECTRICO,75,1775,CALDERAS
113885,Tiro forzado caldera 4A ,6322zz ,6319zz ,"16""",MOTOR ELECTRICO,300,1190,CALDERAS
113884,Tiro inducido caldera 4A ,6322zz ,6320zz ,"16""",MOTOR ELECTRICO,500,1792,CALDERAS
113878,Over fire caldera 3A ,6315zz ,6312zz ,"17""",MOTOR ELECTRICO,73.76,1780,CALDERAS
113877,Ventilador forzado 1 caldera 6A,6318zz ,6314zz ,"12 1/2""",MOTOR ELECTRICO,200 ,1785,CALDERAS
113876,Tiro inducido caldera 3A ,6322zz ,6319zz ,"15 1/2""",MOTOR ELECTRICO,500,1790,CALDERAS
113865,Ventilador forzado secundario caldera 2A ,6220zz ,6313zz ,"12 1/2""",MOTOR ELECTRICO,125,1780,CALDERAS
113864,Over fire caldera 2A ,6213zz ,6213zz ,"Ventilador aluminio de 14""",MOTOR ELECTRICO,75 HP,1775,CALDERAS
113863,Tiro forzado caldera 2A ,6319zz ,6316zz ,"14 3/4""",MOTOR ELECTRICO,200 ,1780,CALDERAS
113856,Tiro inducido caldera 2A ,6326zz ,6322zz ,"18""",MOTOR ELECTRICO,500 ,1775,CALDERAS
113658,Bba 1 condensados tachos,6312,6309,"10""",MOTOR ELECTRICO,50 hp,1765,RA
113657,Agua caliente centrífuga de 2da,6310,6210,8”,MOTOR ELECTRICO,30,3350,RA
113656,Bba2 agua caliente centr. 2da y 3ra,6310,6210,"7""",MOTOR ELECTRICO,30,3560,RA
113646,ME Mov Tq Disuelto de tercera,6207,6206,"6""",MOTOR ELECTRICO,5.5(7.5) kw,1750,RA
113646,Agitador tanque disuelto de 3ra,6308,6208,7”,MOTOR ELECTRICO,10,1762,RA
113643,Bomba torre de enfriamiento 3,6311,6211,"11""",MOTOR ELECTRICO,50HP,1775,RA
113641,Nivelador conductor auxiliar TB,6311,6211,"10""",MOTOR ELECTRICO,30,1765,EXTRACCION
113641,Nivelador conductor auxiliar TB ,6311,6211,"10""",MOTOR ELECTRICO,30,1765,EXTRACCION
113638,Sin fin interno secadora 1A,6309,6208,"8""",MOTOR ELECTRICO,20HP,1750,RA
113638,Sin Fin Interno Secadora 1A,6309,6208,"8""",MOTOR ELECTRICO,20HP,1750,RA
113624,Bomba de vacío tacho # 3 ,6312 ,6311,10”,MOTOR ELECTRICO,40,1775,RA
113616,Motor bomba  de jarabe #2 centrifugas  refineria ,6311 zz,6211 zz,"7"" 3/4 de aluminio",MOTOR ELECTRICO,30 Hp,1765,RA
113613,Motor bomba # 1 jarabe tanque  centrifugas  refineria ,6311 zz,6211 zz,"9"" de plastico ",MOTOR ELECTRICO,30 Hp,1765,RA
113612,Motor movimiento  Mezclador # 2 centrifugas  de  Refineria ,6208 zz,6206zz ,"8"" plastico ",MOTOR ELECTRICO,10 Hp,1740,RA
113608,Motor bomba meladura  filtro Puch Refineria ,6312 zz,6312 zz,"8"" 1/2   de Plastico",MOTOR ELECTRICO,50 Hp,1775,RA
113605,Motor bomba de agua  filtro Puch,6312 zz,6312 zz,"8 "" 1/2 de plastico",MOTOR ELECTRICO,50 Hp,1775,RA
113599,bomba material azucarado scrubert,6309,6207,"""9""",MOTOR ELECTRICO,20,1770,RA
113593,Elevador de azúcar seca fabrica ,6309,6207,"9""",MOTOR ELECTRICO,20HP,1750,RA
113593,Elevador de azúcar seca fabrica ,6309,6207,"9""",MOTOR ELECTRICO,20HP,1750,RA
113567,Sin Fin Entre Tolvas,6310,6210,"10""",MOTOR ELECTRICO,25HP,1760,RA
113567,Sin Fin Entre Tolvas ,6310,6210,"10""",MOTOR ELECTRICO,25HP,1760,RA
113567,Conductor azúcar seca fabrica ,6206,6205,"6""",MOTOR ELECTRICO,5HP,1730,RA
113561,Elevador de azúcar seca 1A,6309,6208,"7""",MOTOR ELECTRICO,20HP,1765,RA
113561,Elevador de azúcar seca 1A,6309,6209,"7""",MOTOR ELECTRICO,20HP,1765,RA
113560,Conductor azúcar seca T/C 2A,6206,6205,"6""",MOTOR ELECTRICO,5HP ,1760,RA
113560,Conductor de azucar seca T/C 2A,6206,6205,"6""",MOTOR ELECTRICO,5HP,1760,RA
113556,movimiento de la secadora del 2 A,6314,6314,"""14""",MOTOR ELECTRICO,60,1775,RA
113555,sin fin interno del 2 a,6309,6209,10,MOTOR ELECTRICO,20,1755,RA
113554,Sin fin transversal 2A ,6309,6209,9,MOTOR ELECTRICO,20,1755,RA
113547,Nivelador 2 conductor 2 ,6311,6212,"11""",MOTOR ELECTRICO,25,1760,EXTRACCION
113546,Conductor de azucar seca T/C 1A,6206,6205,"6""",MOTOR ELECTRICO,5HP,1750,RA
113546,Conductor de azucar seca T/C 1A,6206,6205,"6""",MOTOR ELECTRICO,5HP,1750,RA
113544,movimiento de la secadora del 1 A,6314,6314,"""9""",MOTOR ELECTRICO,60,1775,RA
113542,Conductor de bagazo Reclamo # 6,6309,6209,9,MOTOR ELECTRICO,20,1760,CALDERAS
113539,Tanque salchicha grano mejorado - Recibidor grano mejorado 1ra,6206-2z,6205-2z,6 pulgadas,MOTOR ELECTRICO,5,1750,RA
113514,Sinfín 2 de segunda ,6313,6213,"8""",MOTOR ELECTRICO,50HP,1580,RA
113508,Sin fin largo t/c 1A,6309,6209,8,MOTOR ELECTRICO,20,1768,RA
113507,Conductor azúcar seca  fábrica ,6206,6205,"6""",MOTOR ELECTRICO,5HP,1730,RA
113501,Sin fin transversal cent fábrica (1-4),6309,6208,"8""",MOTOR ELECTRICO,20HP,1750,RA
113501,Sin Fin Transversal cent. Fabrica (1-4),6309,6208,"8""",MOTOR ELECTRICO,20HP,1750,RA
113500,Sin fin bajo centrífuga 5 y 6 ,6310,6209,"12""",MOTOR ELECTRICO,25,1750,RA
113492,Recibidor de semilla tacho continuo 2A,6206-2z,6205-2z,6 pulgadas,MOTOR ELECTRICO,5 HP,1745,RA
113492,Recibidor de semilla tacho continuo 2A,6206-2z,6205-2z,6 pulgadas,MOTOR ELECTRICO,5 HP,1745,RA
113489,Recibidor de semilla tacho continuo 1A,6206-2z,6205-2z,6 pulgadas,MOTOR ELECTRICO,5HP,1750,RA
113483,Recibidor 1 masa de segunda tacho continuo 2A,6206-2Z,6205-2Z,6 pulgadas,MOTOR ELECTRICO,5 HP,1765,RA
113482,Mezclador Tacho continuo 1A,6208-2z,6208-2z,6 pulgadas,MOTOR ELECTRICO,7 1/2 HP,1765,RA
113475,Mezclador # 1 de 2da baja pureza ,6206,6205,6”,MOTOR ELECTRICO,5,1750,RA
113474,Movimiento tanque salchicha tacho continuo de segunda - recibidor segunda,6206-2z,6205-2z,6 pulgadas,MOTOR ELECTRICO,5,1750,RA
113467,Recibidor de masa Tacho continuo 1B y 2B,6206-2z,6205-2z,6 pulgadas,MOTOR ELECTRICO,5 HP,1765,RA
113458,Recibidor 3 semilla TC 1B y 2B ,6206,6205,6”,MOTOR ELECTRICO,5 HP,1765,RA
113455,Grano fino de 3ra,6206,6205,6”,MOTOR ELECTRICO,5 HP,1750,RA
113454,Recibidor magmero de 3ra ,6309,6207,10”,MOTOR ELECTRICO,7.5,1165,RA
113448,Recibidor 1 masa segunda 3ra ,6206,6205,6”,MOTOR ELECTRICO,5 hp,1765,RA
113440,Recibidor masa 1ra para blanco tacho 13 ,6206,6205,6”,MOTOR ELECTRICO,5,1720,RA
113439,Tanque salchicha - recibidor primera,6207-2z,6205-2z,6 pulgadas,MOTOR ELECTRICO,5,1745,RA
113434,Bba de vacío auxiliar de 1ra,6314,6314,13”,MOTOR ELECTRICO,75,1775,RA
113242,Conductor Reclamo # 6,6309,6209,8,MOTOR ELECTRICO,20,1760,CALDERAS
113119,Alimentador de bagazo 4 caldera 6,6207,6206,"8""3/4",MOTOR ELECTRICO,10,1755,CALDERAS
113103,Bba condensado D2,6311,6211,18 CM,MOTOR ELECTRICO,15,1180,TRATAMIENTO
113103,Bba condensado D2,6311,6211,18 CM,MOTOR ELECTRICO,15,1180,TRATAMIENTO
113102,Bba condensado D1,6309,6209,25.8 CM,MOTOR ELECTRICO,7.5,1175,TRATAMIENTO
113102,Bba condensado D1,6309,6209,25.8 CM,MOTOR ELECTRICO,7.5 HP,1175,TRATAMIENTO
113101,Bba Auxiliar Pre duplex #2,6318,6316,34 cm,MOTOR ELECTRICO,125,1780,TRATAMIENTO
113092,Bba retorno de agua molinos TB,6313,6212,"8""",MOTOR ELECTRICO,40,1175,EXTRACCION
113089,Bba de Maceración 3,6313,6212,"8""",MOTOR ELECTRICO,40,1165,EXTRACCION
113088,Bba de transferencia D4,6313 ,6312,34.5 Cm,MOTOR ELECTRICO,40 HP,870,TRATAMIENTO
113085,bba tranferencia (C6/D1),6313,6313,34 Cm,MOTOR ELECTRICO,40,1190,TRATAMIENTO
113084,Bba de transferencia D3,6313,6313,34 cm ,MOTOR ELECTRICO,40 HP ,1190,TRATAMIENTO
113083,Transferencia E3,6316,6314,30.8 cm,MOTOR ELECTRICO,50,885,TRATAMIENTO
113083,Transferencia E3,6316,6314,30.8,MOTOR ELECTRICO,50,885,TRATAMIENTO
113080,Transferencia B1,6217,6214,28.5 cm,MOTOR ELECTRICO,60,890,TRATAMIENTO
113077,Transferencia C1,6316,6314,31 cm,MOTOR ELECTRICO,50,885,TRATAMIENTO
113075,Bba #2 tranferencia paralelo efecto B,6316,6314,31 cm,MOTOR ELECTRICO,60,885,TRATAMIENTO
113071,Bba #2 quíntuple efecto A,Nu318,6316,31 cm,MOTOR ELECTRICO,100,885,TRATAMIENTO
113070,Bba quíntuple efecto #3,6318,6316,31 cm,MOTOR ELECTRICO,65,885,TRATAMIENTO
113052,Bomba 2 de jugo prensado,6310,6210,25cm,MOTOR ELECTRICO,20hp,1175,TRATAMIENTO
112931,Bba 3 enfriamiento hidráulico mol TB,6311,6208,"6""",MOTOR ELECTRICO,25,3525,EXTRACCION
112930,Bba 2 enfriamiento hidráulico molinos aux,6311,6211,"8.5""",MOTOR ELECTRICO,25,3525,EXTRACCION
112929,Bba 1 enfriamiento hidráulicos TA,6311,6208,"6""",MOTOR ELECTRICO,25,3525,EXTRACCION
112928,Bba de Maceración 4,6313,6212,"10""",MOTOR ELECTRICO,40,985,EXTRACCION
112890,Baja pureza # 1 de 2da,6312,6212,"14""",MOTOR ELECTRICO,40 hp,1770,RA
112886,M. Bba de vacío #4 tacho refinería,6312,6212,10 pulgadas ,MOTOR ELECTRICO,40,1770,RA
112871,Precuchilla T A ,6230,6230,25' pulg,MOTOR ELECTRICO,1750,1783,EXTRACCION
112868,Pre picadora TB,NU224,6320,22' pulgadas.,MOTOR ELECTRICO,1250,1784,EXTRACCION
112855,Grúa de volteo 1 TB,6316,6312,12,MOTOR ELECTRICO,100,1775,EXTRACCION
112842,Motor 1 de vacio de tacho continuo 2B,6316-2Z,6313-2Z,12 pulgadas,MOTOR ELECTRICO,75 HP,1180,RA
112837,Bba imbibicion 1 TA,6312,6210,"8""",MOTOR ELECTRICO,40,1770,EXTRACCION
112835,Bba. Vacío tacho 8 ,6314,6310,13”,MOTOR ELECTRICO,40 HP,1185,RA
112833,Bba Transferencia E1,6313,6312,41 cm,MOTOR ELECTRICO,50,885,TRATAMIENTO
112816,Retorno agua caliente a secadora ,6312,6212,10”,MOTOR ELECTRICO,40,1770,RA
112814,ME DC Molino #5 TA,6332,6330,25 1/4 pulgas ,MOTOR ELECTRICO,895 KW,850,EXTRACCION
112810,Rastra saca basura TB,6312,6310,"11""",MOTOR ELECTRICO,40,1775,EXTRACCION
112810,Rastra saca basura TB,6312,6310,"11""",MOTOR ELECTRICO,40,1770,EXTRACCION
112783,Grúa Volteo 2 TA,6316,6312,12,MOTOR ELECTRICO,100Hp,1775,EXTRACCION
112782,Grúa de Volteo 1 TA,6316,6312,12,MOTOR ELECTRICO,100 Hp,1775,EXTRACCION
112588,Conductor de carbón # 4,6307,6206,0.8,MOTOR ELECTRICO,10,1770,CALDERAS
111332,Centrifuga 5 de tacho continuo 2A,6218/C3,6218/C3VLO241,18 pulgadas,MOTOR ELECTRICO,308HP,889,RA
111329,Centrifuga 4 tacho continuo 2A,6218/C3,6218/C3VLO241,18 pulgadas,MOTOR ELECTRICO,308HP,889,RA
111326,Centrifuga 3 de tacho continuo 2A,6218/C3,6218/C3VLO241,18 pulgadas,MOTOR ELECTRICO,308 HP,889,RA
111299,Centrifuga 4 BMA tacho continuo 1A,6322/C3,6316/C3VLO241,15 pulgadas,MOTOR ELECTRICO,200 KW,893,RA
111297,Centrifuga 3 BMA tacho continuo 1A,6322/C2,6316/C3VLO241,15 pulgadas,MOTOR ELECTRICO,200 KW,893,RA
111293,Centrifuga 1 BMA tacho continuo 1A,6322/C3,6322/C3VLO241,18 pulgadas,MOTOR ELECTRICO,382HP,893,RA
111285,Centrifuga 9 de tercera ,6217,6217,"12""",MOTOR ELECTRICO,135Hp,1775,RA
111279,Centrífugas 7 de tercera ,6317,6317,14”,MOTOR ELECTRICO,101kw ,1775,RA
111276,Centrífugas 11 de segunda ,6316,6316,11”,MOTOR ELECTRICO,100,1785,RA
111274,Centrifuga 6 de segunda ,6316zz,6313zz,"12""",MOTOR ELECTRICO,100hp,1775,RA
111272,Centrífuga 5 de segunda ,6316,6316,12”,MOTOR ELECTRICO,100,1785,RA
111270,Centrífuga 3 de tercera ,6317,6317,16,MOTOR ELECTRICO,120hp,1785,RA
111268,Centrífuga 2 de tercera ,6319,6314,13,MOTOR ELECTRICO,125,1780,RA
111257,Centrifuga 4 de segunda ,6316,6316,"12""",MOTOR ELECTRICO,100 HP,1785,RA
111253,Agitador tacho 15,6316,6316,12”,MOTOR ELECTRICO,100 HP,1785,RA
111251,Centrifuga 8 de segunda ,6312,6210,"7""",MOTOR ELECTRICO,50,1780,RA
111239,ME Centrifuga 2 de Segunda,6311,6211,"11""",MOTOR ELECTRICO,50hp,1775,RA
111237,Centrífuga 1 de segunda ,6311,6311,"10""",MOTOR ELECTRICO,50,1775,RA
111235,Bba 2 condensados tachos ,6312,6309,10,MOTOR ELECTRICO,50 hp,1765,RA
109559,Bba hidráulica #1,6206,6205,10,MOTOR ELECTRICO,5,1740,TRATAMIENTO
109536,Bba hidráulica #2,6206,6205,10,MOTOR ELECTRICO,5,1740,TRATAMIENTO
108956,Bba de meladura no clarificada #1,6209,6209,24 CM,MOTOR ELECTRICO,20,1780,RA
100697,Bba meladura por sulfitar #1,6312,6312,24,MOTOR ELECTRICO,40,1775,TRATAMIENTO
100697,BBa meladura por sulfitar #1,6312,6312,24 cm,MOTOR ELECTRICO,40,1775,TRATAMIENTO
100173,Motor bomba vacío # 2 refinería ,6311zz,6211zz,7 .1/2  ventilador  de plastico,MOTOR ELECTRICO,25 Hp,1165,RA
100173,Motor bomba vacío # 2  refineria,6311zz,6211zz,7 .1/2   de plastico,MOTOR ELECTRICO,25   Hp,1165,RA
100172, Motor  conductor   de  azucar faja #3  refinería ,6308 zz,6308 zz,"8"" plastico",MOTOR ELECTRICO, 7. 1/2,1760,RA
100168,Motor bomba  # 1,6310zz,6208 zz,"8 ""  de plastico",MOTOR ELECTRICO,20 Hp,3526,RA
100168,Motor Bba condensado filtro banda #1,6309,6209,5 pulgadas ,MOTOR ELECTRICO,20,3520,RA
100094,Transferencia C2,6313,6313,24.5 cm,MOTOR ELECTRICO,40 HP,890,TRATAMIENTO
100090,Bba floculante clarificador de meladura #4,6306,6205,10,MOTOR ELECTRICO,2,1710,TRATAMIENTO
100082,Bba de ácido fosfórico #2,6205,6204,10,MOTOR ELECTRICO,0.75,885,TRATAMIENTO
11297,Centrifuga 3 BMA tacho continuo 1A,6322/C3,6316/C3VLO241,15 pulgadas,MOTOR ELECTRICO,200 KW,893,RA
113968,Bba 4 condensados Tq salchicha ,6320,6320,"12""",MOTOR ELECTRICO,125,1775,CALDERAS
136931,Inducido caldera 7,324- C3,6319C3,"14""",MOTOR ELECTRICO,700 HP,893,CALDERAS
136376,Bomba 3  agua spray colector de Hollin ,6320,6320,"11""",MOTOR ELECTRICO,125,1775,CALDERAS
121707,ME  bba 1 licor no tratado ,6312,6312,8 pulgadas ,MOTOR ELECTRICO,50 hp ,1780,RA
123086,ME Bba 1 tanque de Floculante ,6304,6304,5 pulgadas ,MOTOR ELECTRICO,1 hp ,1751,RA
138805,ME Bba 2 tanque Fooculante ,6204,6204,5 pulgadas ,MOTOR ELECTRICO,1 hp ,1750,RA
113049,Bba 1 jugo filtrado filtros 3 y 4 ,6310,6210,6 pulgadas ,MOTOR ELECTRICO,20,1170,TRATAMIENTO
122517,Bba  2 jugo filtrado filtros 5 y 6,6311,6309,7 pulgadas ,MOTOR ELECTRICO,25 ,1170,TRATAMIENTO
123912,Bba 1 jugo filtrado filtros 5 y 6 ,6311,6309 ,7 pulgadas ,MOTOR ELECTRICO,25,1170,TRATAMIENTO
121758,Agitador tanque de espuma ,6306,6306,6 pulgadas ,MOTOR ELECTRICO,6.6 hp,1772,RA
136687,Raspador de espuma clarificador ,6303,6203,4 pulgadas ,MOTOR ELECTRICO,1/2 hp ,1700,RA
136688,Central clarificador de licor ,6306,6205,5.5 pulgadas ,MOTOR ELECTRICO,"1,1/2 hp",1740,RA
130883,Motor #1 de Robot=conductor llenadora de sacos línea 12 ,6306,6304,5 pulgadas ,MOTOR ELECTRICO,1 hp,1751,RA
130886,Cosedora de sacos línea 12,6205,6304,5 pulgadas ,MOTOR ELECTRICO,1 HP ,1751,RA
130889,Conductor volteador de sacos línea 12 ,6304,6304,5 pulgadas ,MOTOR ELECTRICO,1 HP ,1751,RA
130898,Conductor codificadora línea 12 ,6306,6205,5 pulgadas ,MOTOR ELECTRICO,1.5 hp ,1680,RA
130847,Conductor codificadora línea 2,6204,6203,5 pulgadas ,MOTOR ELECTRICO,1.5 ,1720,RA
137405,Motor bomba jugo Limpio..#2,6317 C/3 ,6313 C/3,"10 "" de plastico",MOTOR ELECTRICO,100 Hp,1780,RA
137403,Motor bomba  jugo Limpio Refineria ,6317 C/,6313 C /3,"10"" plastico",MOTOR ELECTRICO,100 Hp,1780,RA
135823,Motor Ventilador Scruber Refineria ,6313 C/3,6212 C/3,"11 "" de plastico",MOTOR ELECTRICO,55. Kw..73.7  Hp,1781,RA
135104,Motor bomba #1 jugo Claro Scruber polvillo Refineria ,6309zz ,6209.zz,"6 ""  de plastico",MOTOR ELECTRICO,15 Kw   (20  HP ),1780,RA
122519,Bba 1 de jugo filtrado filtro 7 y 8 ,6311 ,6309 ,7 pulgadas ,MOTOR ELECTRICO,25 ,1170,TRATAMIENTO
113048,Bba 1 de jugo prensado ,6312,6212 ,11 pulgadas ,MOTOR ELECTRICO,25,1180,TRATAMIENTO
132355,Bba 1 limpieza de telas jugo jugo claro ,6314,6314,14 Cm ,MOTOR ELECTRICO,60,3560,TRATAMIENTO
123815,Bba 2 de soda calentadores ,6311,6210,7 pulgadas ,MOTOR ELECTRICO,25,1780,TRATAMIENTO
138974,Bba de agua serpentines evaporadores ,6311,6210,25 cm,MOTOR ELECTRICO,30,1760,TRATAMIENTO
121930,Bba de agua sistema antiguo contraincendios ,6311,6211,20 cm,MOTOR ELECTRICO,25,1525,TRATAMIENTO
122421,Bba 1 de ácido fósforico a clari melad 1,6205,6204,10 cm,MOTOR ELECTRICO,1 ,825,TRATAMIENTO
137073,Bba de inyección melador E4,6220,6220,40 cm,MOTOR ELECTRICO,250,1190,TRATAMIENTO
113071,Bba 2 transferencia quíntuple efecto A,Nu318,6316,31 cm,MOTOR ELECTRICO,100,885,TRATAMIENTO
100090,Bb floculante clarificador de meladura 4,6306,6205,10 cm,MOTOR ELECTRICO,2,1710,TRATAMIENTO
122432,Bba floculante clarificador de meladura 1,6306,6205,10,MOTOR ELECTRICO,2,1710,TRATAMIENTO
122435,Bba floculante clarificador de meladura 2,6306,6205,10,MOTOR ELECTRICO,2,1710,TRATAMIENTO
122438,Bba floculante clarificador de meladura 3,6306,6205,10,MOTOR ELECTRICO,2,1710,TRATAMIENTO
122388,Bba 3 sacarato clarificador de meladura ,6306,6205,12.5 cm,MOTOR ELECTRICO,2,1710,TRATAMIENTO
138971,Bba 1 sacarato clarificador de meladura ,6306,6205,12.5 cm,MOTOR ELECTRICO,2,1710,TRATAMIENTO
138972,Bba 2 sacarato clarificador meladura ,6306,6205,10,MOTOR ELECTRICO,3,1710,TRATAMIENTO
120406,Motor bomba agua dulce Derretido #1 refineria ,6312 zz,6311 zz,0.5,MOTOR ELECTRICO,40 Hp,1775,RA
114625,Motor hidráulico 3 #1,6220 + 7220B,6218,"18""",MOTOR ELECTRICO,360 KW,1780,EXTRACCION
114628,Motor hidráulico Mol. 4 # 1,6220 + 7220B,6218,"18""",MOTOR ELECTRICO,360KW,1780,EXTRACCION
114629,Motor hidráulico 5 TB #1,6220 + 7220B,6218,"18""",MOTOR ELECTRICO,360,1780,EXTRACCION
124386,Motor hidráulico 3 TB #2,6220 y 7220B,6218,"18""",MOTOR ELECTRICO,180KW,1780,EXTRACCION
124385,Motor hidráulico 4 TB #2,6220 + 7220B,6218,"18""",MOTOR ELECTRICO,180KW,1780,EXTRACCION
124384,Motor hidráulico 5 TB #2,6220 + 7220B,6218,"18""",MOTOR ELECTRICO,180KW,1780,EXTRACCION
121572,Motor Planetario 6 TB masa cañera,6220,6220 VLO241,"18""",MOTOR ELECTRICO,408KW,1193,EXTRACCION
114622,Motor hidráulico 4 #1 TA,6220 + 7220B,6218,"18""",MOTOR ELECTRICO,360KW,1780,EXTRACCION
114623,Motor hidráulico 5 #1 TA,6220 + 7220B,6218,"18""",MOTOR ELECTRICO,360KW,1780,EXTRACCION
113429,Molino Dizma 1,6204,6204,5”,MOTOR ELECTRICO,3/4,1735,RA
136683,Motor bomba  agua  dulce #2 Derretido.Refineria,6312 zz,6212 zz,"9 ""  Plastico ",MOTOR ELECTRICO,40 Hp,1775,RA
114676,Motor movimiento Manejadora Chiller Refinería ,6309zz ,6209 zz,"9""  de plastico",MOTOR ELECTRICO,20 Hp,1765,RA
114675,Ventilador manejadora 2A ,6312,6309,"11""",MOTOR ELECTRICO,25,1180,RA
131960,Agitador tanque caramelo diluido #1,6206,6205,"6""",MOTOR ELECTRICO,5,1750,RA
131962,Agitador tanque caramelo diluido #2,6205,6203,"6""",MOTOR ELECTRICO,3,1725,RA
122801,Bba. Hidráulica tolva a granel,6307,6206,"7""",MOTOR ELECTRICO,10,1760,RA
113422,Molino 2 preparación de semilla ,6204,6204,5”,MOTOR ELECTRICO,3/4 HP,1735,RA
113425,Molino preparación de semilla 4,6204,6204,5”,MOTOR ELECTRICO,3/4 HP,1735,RA
122703,Motor movimiento  Ajitador Tacho #1 refineria ,6316 zz,6315 zz,"9 "" Plastico",MOTOR ELECTRICO,100 Hp,1785,RA
113428,Molino preparación de semilla 5 ,6204,6204,5”,MOTOR ELECTRICO,3/4 HP,1735,RA
113427,Molino preparación de semilla 6,6204,6204,5”,MOTOR ELECTRICO,3/4 hp,1735,RA
113423,Molino preparación de semilla 7,6204,6204,5”,MOTOR ELECTRICO,3/4 HP,1735,RA
134740,ME Desfibradora de caña TA ,"NU1048 C3, 6048C3 ",NU238 C3 , 44 pulgadas ,MOTOR ELECTRICO,8000,896,EXTRACCION
114469,BBA 1 agua para preparacion de floculante a filtros ,6311,6211,10 pulgadas ,MOTOR ELECTRICO,20 hp,1770,TRATAMIENTO
126978,BBA enfriador agua para floculante ,6309,6309,10 pulgadas,MOTOR ELECTRICO,15hp,1770,TRATAMIENTO
112997,bba 1 liquidacion clarificador de jugo 1,6310,6207,10 pulgadas ,MOTOR ELECTRICO,25 hp,1765,TRATAMIENTO
138955,bba de agua preparacion floculante jugo claro ,6309,6208,10 pulgadas ,MOTOR ELECTRICO,20 hp,1770,TRATAMIENTO
136698,bba 2 de liquidacion clarificador de jugo 1,6309,6308,10 pulgadas ,MOTOR ELECTRICO,15 kw ,1760,TRATAMIENTO
138942,bba 1 de cachaza clarificador de jugo 2 ,6311,6211,10 pulgadas ,MOTOR ELECTRICO,30 hp,1765,TRATAMIENTO
138943,bba 2 de cachaza clarificador de jugo 2 ,6311,6211,10 pulgadas ,MOTOR ELECTRICO,30 hp ,1765,TRATAMIENTO
138228,horno rotativo de azufre torre 3 ,6206,6205,5 pulgadas ,MOTOR ELECTRICO,3.7o kw ,1750,TRATAMIENTO
124241,sin fin horno rotativo 2 de azufre ,6202,6202,5 pulgadas ,MOTOR ELECTRICO,0.50 hp ,1700,TRATAMIENTO
123916,horno rotativo 1 de azufre ,6206,6205,5 pulgadas ,MOTOR ELECTRICO,5.0 hp ,1710,TRATAMIENTO
124243,sin fin horno rotativo de azufre 1 ,6203,6202,5 pulgadas ,MOTOR ELECTRICO,0.50,1700,TRATAMIENTO
126919,horno 2 rotativo de azufre ,6206,6205,5 pulgadas ,MOTOR ELECTRICO,5.0 HP  ,1710,TRATAMIENTO
136701,sin fin dosificador de azufre 3 ,6205,6203,5 pulgadas ,MOTOR ELECTRICO,1 3/4 hp ,1765,TRATAMIENTO
136706,agitador tq sacarato 2 ,6207,6206,7 pulgadas ,MOTOR ELECTRICO,7.5 hp ,1770,TRATAMIENTO
126936,sin fin corto de cal,6205,6205,5 pulgadas ,MOTOR ELECTRICO,2 hp ,1750,TRATAMIENTO
122459,movimiento central jugo claro 5 ,6306,6205,5 pulgadas ,MOTOR ELECTRICO,2.2 kw ,1710,TRATAMIENTO
136700,motor bba liquidacion clarificador de jugo claro 3 ,6311,6211,10 pulgadas ,MOTOR ELECTRICO,30 hp ,1770,TRATAMIENTO
122509,movimiento central filtro jugo claro 1 ,6306,6205,5 pulgadas ,MOTOR ELECTRICO,2.2 kw ,1756,TRATAMIENTO
126963,movimiento central filtro jugo claro 3 ,6305,6205,5 pulgadas ,MOTOR ELECTRICO,2.2 kw ,1756,TRATAMIENTO
126958,movimiento central filtro jugo claro 2 ,6305,6205,5 pulgadas ,MOTOR ELECTRICO,2.2 kw ,1756,TRATAMIENTO
122521,Bba alimentación cachaza filtros 3 y 4 ,6311,6210,9 pulgadas ,MOTOR ELECTRICO,25,1775,TRATAMIENTO
122483,motor movimiento filtro banda 6 de cachaza ,6308,6207,5 pulgadas ,MOTOR ELECTRICO,3 kw ,1150,TRATAMIENTO
121099,Bba alimentación cachaza filtros 5 y 6 ,6310,6210,14 pulgadas ,MOTOR ELECTRICO,25,1775,TRATAMIENTO
126941,motor movimiento filtro banda de cachaza 3 ,6308,6207,5 pulgadas ,MOTOR ELECTRICO,4.5 kw ,1766,TRATAMIENTO
113044,M.E.  filtro banda 8 de cachaza ,6307,6207,5 pulgadas ,MOTOR ELECTRICO,4.5 kw ,1700,TRATAMIENTO
126960,M.E. ventilador de jugo claro 2 ,6308,6209,10 pulgadas ,MOTOR ELECTRICO,15 hp ,1770,TRATAMIENTO
122499,Bba floculador dinámico filtros 3y4 ,6306 ,6205,6 pulgadas ,MOTOR ELECTRICO,3 ,1710,TRATAMIENTO
126965,ventilador de jugo claro 3 ,6308,6308,10 pulgadas ,MOTOR ELECTRICO,11 kw   ,1765,TRATAMIENTO
122601,ME Floculador dinámico filtros 5 y 6 ,6306,6206 ,6 pulgadas ,MOTOR ELECTRICO,3 ,1710,RA
122385,Bba floculante filtro prensa 3 Y 4 ,6306 ,6205,6 pulgadas ,MOTOR ELECTRICO,3 ,1710,TRATAMIENTO
122533,Bba floculante filtro prensa 5 y 6 ,6306 ,6205 ,6 pulgadas ,MOTOR ELECTRICO,3 ,1710,TRATAMIENTO
122536,Bba floculante filtro prensa 7 y 8 ,6306 ,6205 ,6 pulgadas ,MOTOR ELECTRICO,3 ,1710,TRATAMIENTO
122507,ventilador de jugo claro 1,6308,6207,5 pulgadas ,MOTOR ELECTRICO,15 kw ,1765,TRATAMIENTO
136710,bba 1 floculante clarificador 2,6207,6206,5 pulgadas ,MOTOR ELECTRICO,2.0 hp ,855,TRATAMIENTO
136711,bba 2 floculante clarificador 2 de jugo ,6306,6205,5 pulgadas ,MOTOR ELECTRICO,2.2 kw ,1710,TRATAMIENTO
135437,bba 2 floculante clarificador de jugo 3 ,6305,6205,5 pulgadas ,MOTOR ELECTRICO,2.2 kw ,1756,TRATAMIENTO
122548,bba 1 floculante clarificador 1 ,6306,6205,5 pulgadas ,MOTOR ELECTRICO,2.2 kw  ,1756,TRATAMIENTO
122547,bba 2 floculante clarificador 1 ,6306,6205,5 pulgadas ,MOTOR ELECTRICO,2.2 kw ,1770,TRATAMIENTO
130809,bba 1 floculante clarificador 3 ,6306,6205,5 pulgadas ,MOTOR ELECTRICO,1.5 kw ,1710,TRATAMIENTO
136699,movimiento central clarificador 2 de jugo ,6205,6203,5 pulgadas ,MOTOR ELECTRICO,2.0 hp ,1730,TRATAMIENTO
112996,movimiento central clarificador 1 de jugo  SRI ,6206,6205,5 pulgadas ,MOTOR ELECTRICO,3 hp ,1750,TRATAMIENTO
138944,movimiento central  clarificador 3 de jugo SRI ,6205,6203,5 pulgadas ,MOTOR ELECTRICO,2.0 hp ,1725,TRATAMIENTO
112966,M.E. ventilador 1 inducido torre 1 sulfitado ,6206,6205,5  pulgadas ,MOTOR ELECTRICO,3.7  kw ,1740,TRATAMIENTO
113012,agitador tanque floculante de jugo 1 ,6206,6205,5 pulgadas ,MOTOR ELECTRICO,1 hp ,800,TRATAMIENTO
138536,ventilador inducido 1 torre 2 sulfitado ,6206,6205,5 pulgadas ,MOTOR ELECTRICO,3.7 kw ,1740,TRATAMIENTO
136708,ventilador inducido 1 torre 3 sulfitado ,6206,6205,5 pulgadas ,MOTOR ELECTRICO,3.7 kw ,1740,TRATAMIENTO
131964,Agitador tanque preparación de caramelo ,6309,6208,"9""",MOTOR ELECTRICO,7.5,1770,RA
140193,Bba. 1 Tanque preparación caramelo,6306,6205,"6""",MOTOR ELECTRICO,2.2 kw,1710,RA
140191,Bba. 2 Tanque preparación caramelo ,6306,6205,"6""",MOTOR ELECTRICO,3.7 kw,1758,RA
132520,Bba. Enfriamiento Melaza/HTM ,6308,6208,"7""",MOTOR ELECTRICO,7 1/2,1768,RA
143348,Ventilador torre enfriamiento Melaza/htm,6207,6206,"6""",MOTOR ELECTRICO,5,1755,RA
131528,Bba. Succión HTM romana ,6309,6208,"8""",MOTOR ELECTRICO,20,1765,RA
114468,Bba. 2 Tq almacén HTM ,6209,6209,"9""",MOTOR ELECTRICO,15 kw,1780,RA
121100,Bba 1 miel final romana/tq,6310,6210,"10""",MOTOR ELECTRICO,25,1775,RA
122026,Vicente Juracán ,6311,6309,"8""",MOTOR ELECTRICO,25,1770,RA
143349,30769795,6309,6309,"9""",MOTOR ELECTRICO,20,1770,RA
139729,Motor ajitador tanque precapa # 2,6205 zz,6205 zz,"5"" 1/2 de plastico",MOTOR ELECTRICO,0000,0,RA
135540,Ventilador Extractor de Vapor 2A,6206,6205,"6""",MOTOR ELECTRICO,5,1750,RA
114458,Motor  bomba de  lubricacion # 1 centrifugas de refinería ,6205zz,6204 zz,5 d plastico,MOTOR ELECTRICO,1 Hp,1730,RA
114459,Motor bomba de lubricacion  # 2 centrifugas de  refinería ,6205 zz,6204 zz,"5 ""plstico",MOTOR ELECTRICO,1 .Hp,1730,RA
140464,Bba 1 inyección 1C ,6319,6319,15,MOTOR ELECTRICO,132 kw,1785,RA
140468,Bba 2 inyeccion 1C,6319,6319,"15""",MOTOR ELECTRICO,132 kw,1785,RA
122023,Bba. 2 Despacho de Melaza ,6311,6309,"10""",MOTOR ELECTRICO,25,1770,RA
122762,Agitador vertical 1 ,6311,6211,Ventilador forzado ,MOTOR ELECTRICO,30,1765,RA
123110,Agitador vertical 2 ,6311,6211,Ventilador forzado ,MOTOR ELECTRICO,30 HP,1765,RA
129473,Agitador vertical 3 ,6312,6312,11”,MOTOR ELECTRICO,30 HP,1180,RA
113426,Agitador molino preparación semilla ,6204,6204,5”,MOTOR ELECTRICO,3/4 HP,1735,RA
113430,Molino preparación de semilla 9 ,6204,6204,5”,MOTOR ELECTRICO,0.75,1735,RA
113424,Molino preparación de semilla 3,6204,6204,5”,MOTOR ELECTRICO,0.75,1735,RA
114635,Motor Hidráulico 3 #2 ,6219+7219B,6219,18,MOTOR ELECTRICO,360kw,1780,EXTRACCION
100052,Motor Hidráulico 6 #1,6220+7220,6218,18,MOTOR ELECTRICO,360,1780,EXTRACCION
138451,Motor Hidráulico 3 # 1,6220+7220,6218,18,MOTOR ELECTRICO,180kw,1780,EXTRACCION
100054,Motor Hidráulico 6 #2,6220+7220,6218,18,MOTOR ELECTRICO,180KW,1780,EXTRACCION
121921,Motor bomba agua  condensados a  tachos re,6309zz ,6307 zz,"8"" de plastico",MOTOR ELECTRICO,15.Hp,1760,RA
122780,Motor bomba de agua condensada  a  tachos  de  refineria ,6309zz ,6208 zz,"7 "" de  aluminio",MOTOR ELECTRICO,15 Hp,1765,RA
114669,Motor movimiento Zaranda del Derretido Refineria ,6206 zz,6205 zz,"7 ""de plastico",MOTOR ELECTRICO,3 Hp,1755,RA
111301,Centrifuga 5 tacho continuo 1A,6322/C3,6316/C3VLO241,14 pulgadas,MOTOR ELECTRICO,200 KW,893,RA
136776,Centrifuga 6 tacho continuo 1A,6322/C3,6316/C3VLO241,14 pulgadas,MOTOR ELECTRICO,200 KW,893,RA
140499,Reductor torre enfriamiento #1,6309,6209,6”,MOTOR ELECTRICO,15,1765,RA
140496,Bba vacío retorno a torres de enfriamiento #2 ,6309,6209,6”,MOTOR ELECTRICO,15 ,1765,RA
140501,Bba torre de enfriamiento #1 ,6312,6310,11”,MOTOR ELECTRICO,50,1775,RA
136714,ME ventilador inducido filtro jugo claro 4 ,6308,6308,10 pulgadas ,MOTOR ELECTRICO,11 kw,1700,TRATAMIENTO
138945,ME  ventilador inducido filtro jugo claro 5 ,6308,6207,5 pulgadas ,MOTOR ELECTRICO,11 kw ,1700,TRATAMIENTO
100095,BBA 1 agua caliente a destileria ,6312,6310,10 plg,MOTOR ELECTRICO,30 kw ,1770,TRATAMIENTO
121009,BBA calentador 1 y 2  jugo claro ,6308,6207,5 plg ,MOTOR ELECTRICO,2.2 kw ,1175,TRATAMIENTO
122032,bba 2 calentador 3 y 4 de jugo claro ,6308,6207,5 plg ,MOTOR ELECTRICO,2.2 kw ,1175,TRATAMIENTO
114128,bba calentador 5 y 6 jugo claro ,6308,6207,5 plg ,MOTOR ELECTRICO,2.2 kw ,1175,TRATAMIENTO
100078,BBA 1 acido fosforico a fabrica ,6305,6205,5 plg ,MOTOR ELECTRICO,1.5 kw ,1750,TRATAMIENTO
100082,BBA 2 acido fosforico a fabrica ,6305,6205,5 plg ,MOTOR ELECTRICO,1.5 kw ,1750,TRATAMIENTO
121567,B.BA recirculacion Tanque disuelto crudo,6307,6206,"""7""",MOTOR ELECTRICO,7 1/2,1760,RA
130934,Sin fin salida a disolutor crudo,6207,6206,"""7""",MOTOR ELECTRICO,10,1755,RA
130721,Bomba 1 semilla TC 1CFC,6309-C3,6209-C3,"7"" Pulgadas",MOTOR ELECTRICO,15,1765,RA
130722,Bomba 2 semilla TC 1 CFC,6309-C3,6209-C3,"7"" pulgadas",MOTOR ELECTRICO,15,1765,RA
130941,Bomba #1 disuelto de crudo ,6309,6208,0,MOTOR ELECTRICO,20,1765,RA
130932,Elevador Azúcar crudo a disuelto ,6309,6209,"""8""",MOTOR ELECTRICO,20,1760,RA
300930,Sin fin inclinada tolva azúcar crudo ,6311,6210,"""8""",MOTOR ELECTRICO,25,1775,RA
123317,Bomba #1 envío miel final romana tanque melaza,6311,6210,"""7""",MOTOR ELECTRICO,25,1775,RA
124364,Bomba #2 envío miel final romana tanque elevado ,6311,6210,"""10""",MOTOR ELECTRICO,25,1775,RA
113481,Recibidor 3 de pasa 1ra ,6208zz,6306zz,6”,MOTOR ELECTRICO,5 HP,1765,RA
113478,Recibidor 4 de masa 1ra,6208zz,6206zz,8”,MOTOR ELECTRICO,7.5 HP,1745,RA
113489,Recibidor semilla TC 1A,6206zz,6205zz,6”,MOTOR ELECTRICO,5 HP,1775,RA
114324,Recibidor 2 semilla TC 1B y 2 B ,6206zz,6205zz,6”,MOTOR ELECTRICO,5 HP,1765,RA
122806,Recibidor 1 semilla TC 1B y 2B ,6206,6205,6”,MOTOR ELECTRICO,5 HP,1765,RA
113489,Recibidor semilla TC 1A,6206,6205,6”,MOTOR ELECTRICO,5 HP,1765,RA
123224,Desfribradora de caña TB,NU 1048C3 - 6048C3 ,NU 238C3 ,44 pulgadas ,MOTOR ELECTRICO,6700,874,EXTRACCION
127075,Recibidor magma 2da baja pureza ,6206,6205,6”,MOTOR ELECTRICO,5 HP,1740,RA
122010,Madurador de semilla ,6206,6204,5”,MOTOR ELECTRICO,2 HP,1740,RA
144935,Bba. 1  Miel B TC 1C ,6311,6211,10”,MOTOR ELECTRICO,50,1780,RA
135140,Bba 2 miel B TC 1C,6312,6210,10”,MOTOR ELECTRICO,50 HP,1780,RA
130710,Bba vacio 1 TC 1C ,6316,6216,11”,MOTOR ELECTRICO,100 HP,1785,RA
130711,Bba vacío 2 TC 1C,6316,6216,11”,MOTOR ELECTRICO,100 HP,1785,RA
136774,Agitador TQ lubricación ,6205,6203,6”,MOTOR ELECTRICO,1 HP,1765,RA
121839,Bba 2 TQ lubricación masa CV,6309,6208,7”,MOTOR ELECTRICO,15 HP,1765,RA
138464,Bba 2 masa verticales ,6314,6314,10”,MOTOR ELECTRICO,100,1780,RA
121057,Faja a granel 2,6309,6207,9,MOTOR ELECTRICO,15,1765,RA
136828,Ventilador inducido secadora fabrica ,6212,6212,"9""",MOTOR ELECTRICO,40,1780,RA
108799,Cortina de aire linea 1,6202,6202,0,MOTOR ELECTRICO,485 W,1600,RA
108800,Cortina de aire linea 2,6202,6202,0,MOTOR ELECTRICO,485 W,1600,RA
108801,Cortina de aire linea 3,6202,6202,0,MOTOR ELECTRICO,485 W,1600,RA
108802,Cortina de aire linea 4,6202,6202,0,MOTOR ELECTRICO,485  W,1600,RA
108803,Cortina de aire linea 5,6202,6202,0,MOTOR ELECTRICO,485 W,1600,RA
130856,Conductor de jumbos 3 linea 3,6205,6205,"5""",MOTOR ELECTRICO,1.10 kw,1745,RA
130868,Conductor de jumbos 4 linea 4,6205,6205,"5""",MOTOR ELECTRICO,1.10 kw,1745,RA
130880,Conductor de jumbos 4 linea 5,6205,6205,"5""",MOTOR ELECTRICO,1.10 kw,1745,RA
136523,Conductor de todos jumbo envasado fab.,6205,6205,"5""",MOTOR ELECTRICO,1.10 kw,1745,RA
136831,Bba. Jugo cola secadora ,6309,6209,"7 """,MOTOR ELECTRICO,20,1780,RA
140566,Bba. Auxiliar cola secadora ,6309,6209,"7""",MOTOR ELECTRICO,20,1780,RA
135110,Bba 2 jugo aux rotoclon secadora ,6309,6209,"7""",MOTOR ELECTRICO,20,1780,RA
137829,Bba. Jugo aux rotoclon secadora ,6309,6209,"7""",MOTOR ELECTRICO,20,1780,RA
124082,Ventilador extractor polvillo ,6206,6205,"6""",MOTOR ELECTRICO,2 hp,1175,RA
111469,Centrifuga #6 de Refinería ,6322-2z-C3 ,6322-2Z/C3 aislado ,X,MOTOR ELECTRICO,386 HP,893,RA
111466,Centrifuga #5 de Refinería ,6322,6222,X,MOTOR ELECTRICO,300 hp,1185,RA
126984,Centrifuga #4 de refinería ,6319SO,6319,X,MOTOR ELECTRICO,211 hp,1190,RA
111450,Centrifuga #3 de Refinería ,6319,6318,X,MOTOR ELECTRICO,200 hp ,1190,RA
135010,Centrifuga #2 de Refinería ,6322,6316/C3VLO241,X,MOTOR ELECTRICO,268HP,890,RA
135009,Centrífuga #1 de Refinería ,6322,6316/C3VLO241,X,MOTOR ELECTRICO,268HP,893,RA
111203,Centrifuga 2 de tacho continuo 2A,6322/C3,6222/C3VLO241,14 pulgadas,MOTOR ELECTRICO,300 HP,890,RA
